-- MySQL dump 10.16  Distrib 10.1.24-MariaDB, for Linux (x86_64)
--
-- Host: localhost    Database: u110902973_cr7db
-- ------------------------------------------------------
-- Server version	10.1.24-MariaDB

/*!40101 SET @OLD_CHARACTER_SET_CLIENT=@@CHARACTER_SET_CLIENT */;
/*!40101 SET @OLD_CHARACTER_SET_RESULTS=@@CHARACTER_SET_RESULTS */;
/*!40101 SET @OLD_COLLATION_CONNECTION=@@COLLATION_CONNECTION */;
/*!40101 SET NAMES utf8 */;
/*!40103 SET @OLD_TIME_ZONE=@@TIME_ZONE */;
/*!40103 SET TIME_ZONE='+00:00' */;
/*!40014 SET @OLD_UNIQUE_CHECKS=@@UNIQUE_CHECKS, UNIQUE_CHECKS=0 */;
/*!40014 SET @OLD_FOREIGN_KEY_CHECKS=@@FOREIGN_KEY_CHECKS, FOREIGN_KEY_CHECKS=0 */;
/*!40101 SET @OLD_SQL_MODE=@@SQL_MODE, SQL_MODE='NO_AUTO_VALUE_ON_ZERO' */;
/*!40111 SET @OLD_SQL_NOTES=@@SQL_NOTES, SQL_NOTES=0 */;

--
-- Table structure for table `migrations`
--

DROP TABLE IF EXISTS `migrations`;
/*!40101 SET @saved_cs_client     = @@character_set_client */;
/*!40101 SET character_set_client = utf8 */;
CREATE TABLE `migrations` (
  `migration` varchar(255) COLLATE utf8_unicode_ci NOT NULL,
  `batch` int(11) NOT NULL
) ENGINE=MyISAM DEFAULT CHARSET=utf8 COLLATE=utf8_unicode_ci;
/*!40101 SET character_set_client = @saved_cs_client */;

--
-- Dumping data for table `migrations`
--

/*!40000 ALTER TABLE `migrations` DISABLE KEYS */;
INSERT INTO `migrations` VALUES ('2014_10_12_000000_create_users_table',1),('2014_10_12_100000_create_password_resets_table',1);
/*!40000 ALTER TABLE `migrations` ENABLE KEYS */;

--
-- Table structure for table `password_resets`
--

DROP TABLE IF EXISTS `password_resets`;
/*!40101 SET @saved_cs_client     = @@character_set_client */;
/*!40101 SET character_set_client = utf8 */;
CREATE TABLE `password_resets` (
  `email` varchar(255) COLLATE utf8_unicode_ci NOT NULL,
  `token` varchar(255) COLLATE utf8_unicode_ci NOT NULL,
  `created_at` timestamp NOT NULL DEFAULT CURRENT_TIMESTAMP ON UPDATE CURRENT_TIMESTAMP,
  KEY `password_resets_email_index` (`email`),
  KEY `password_resets_token_index` (`token`)
) ENGINE=MyISAM DEFAULT CHARSET=utf8 COLLATE=utf8_unicode_ci;
/*!40101 SET character_set_client = @saved_cs_client */;

--
-- Dumping data for table `password_resets`
--

/*!40000 ALTER TABLE `password_resets` DISABLE KEYS */;
/*!40000 ALTER TABLE `password_resets` ENABLE KEYS */;

--
-- Table structure for table `tblachivement`
--

DROP TABLE IF EXISTS `tblachivement`;
/*!40101 SET @saved_cs_client     = @@character_set_client */;
/*!40101 SET character_set_client = utf8 */;
CREATE TABLE `tblachivement` (
  `id` int(10) unsigned NOT NULL AUTO_INCREMENT,
  `nameTeam` varchar(255) COLLATE utf8_unicode_ci NOT NULL,
  `nameLeague` varchar(255) COLLATE utf8_unicode_ci NOT NULL,
  `season` varchar(255) COLLATE utf8_unicode_ci NOT NULL,
  `idTypeAchivement` int(10) unsigned NOT NULL,
  `created_at` timestamp NULL DEFAULT NULL,
  `updated_at` timestamp NULL DEFAULT NULL,
  `hinh` varchar(255) COLLATE utf8_unicode_ci NOT NULL,
  PRIMARY KEY (`id`),
  KEY `tblAchivement_idtblTypeAchivement_foreign` (`idTypeAchivement`)
) ENGINE=MyISAM AUTO_INCREMENT=30 DEFAULT CHARSET=utf8 COLLATE=utf8_unicode_ci;
/*!40101 SET character_set_client = @saved_cs_client */;

--
-- Dumping data for table `tblachivement`
--

/*!40000 ALTER TABLE `tblachivement` DISABLE KEYS */;
INSERT INTO `tblachivement` VALUES (1,'Manchester United','FA Cup','2003-2004',1,NULL,'2016-07-19 04:52:58','fa-cup.png'),(2,'Manchester United','League Cup','2005-2006',1,'2016-07-15 08:00:02','2016-07-19 04:54:24','league-cup.png'),(3,'Manchester United','Giải Ngoại Hạng Anh','2006-2007',1,'2016-07-19 05:02:55','2016-07-19 05:02:55','premier-league.png'),(4,'Manchester United','Giải Ngoại Hạng Anh','2007-2008',1,'2016-07-19 05:03:29','2016-07-19 05:03:29','premier-league.png'),(5,'Manchester United','Siêu cúp Anh','2007-2008',1,'2016-07-19 05:04:03','2016-07-19 05:04:03','community-shield.png'),(6,'Manchester United','Champions League','2007-2008',1,'2016-07-19 05:04:50','2016-07-19 05:04:50','champs-league.png'),(7,'Manchester United','Chiếc giày vàng Châu Âu','2007-2008',1,'2016-07-19 05:07:32','2016-07-19 05:07:32','golden-boot.png'),(8,'Manchester United','Giải Ngoại Hạng Anh','2008-2009',3,'2016-07-19 05:08:04','2016-07-19 05:08:04','premier-league.png'),(9,'Manchester United','League Cup','2008-2009',1,'2016-07-19 05:08:50','2016-07-19 05:08:50','league-cup.png'),(10,'Manchester United','Siêu cúp Anh','2008-2009',1,'2016-07-19 05:09:11','2016-07-19 05:09:11','community-shield.png'),(11,'Manchester United','Cúp Thế giới các CLB','2008-2009',1,'2016-07-19 05:09:45','2016-07-19 05:09:45','club-world-cup.png'),(12,'Manchester United','Quả bóng vàng Thế giới','2008-2009',3,'2016-07-19 05:10:10','2016-07-19 05:10:10','ballon-dor.png'),(13,'Real Madrid','Copa Del Rey','2010-2011',1,'2016-07-19 05:11:44','2016-07-19 05:11:44','copa-del-rey.png'),(14,'Real Madrid','Chiếc giày vàng Châu Âu','2010-2011',3,'2016-07-19 05:12:02','2016-07-19 05:12:02','golden-boot.png'),(15,'Real Madrid','La Liga','2011-2012',1,'2016-07-19 05:12:28','2016-07-19 05:12:28','la-liga.png'),(16,'Real Madrid','Siêu cúp Tây Ban Nha','2012-2013',1,'2016-07-19 05:13:02','2016-07-19 05:13:02','spanish-super-cup.png'),(17,'Real Madrid','Champions League','2013-2014',1,'2016-07-19 05:13:57','2016-07-19 05:13:57','champs-league.png'),(18,'Real Madrid','Copa Del Rey','2013-2014',1,'2016-07-19 05:14:15','2016-07-19 05:14:15','copa-del-rey.png'),(19,'Real Madrid','Chiếc giày vàng Châu Âu','2013-2014',3,'2016-07-19 05:14:33','2016-07-19 05:14:33','golden-boot.png'),(20,'Real Madrid','Quả bóng vàng Thế giới','2013-2014',3,'2016-07-19 05:14:47','2016-07-19 05:14:47','ballon-dor.png'),(21,'Real Madrid','Cúp Thế giới các CLB','2014-2015',1,'2016-07-19 05:15:44','2016-07-19 05:15:44','club-world-cup.png'),(22,'Real Madrid','Siêu cúp Châu Âu','2014-2015',1,'2016-07-19 05:16:07','2016-07-19 05:16:07','euro-super-cup.png'),(23,'Real Madrid','Chiếc giày vàng Châu Âu','2014-2015',3,'2016-07-19 05:16:22','2016-07-19 05:16:22','golden-boot.png'),(24,'Real Madrid','Quả bóng vàng Thế giới','2014-2015',3,'2016-07-19 05:16:34','2016-07-19 05:16:34','ballon-dor.png'),(25,'Real Madrid','Champions League','2015-2016',1,'2016-07-19 05:16:51','2016-07-19 05:16:51','champs-league.png'),(26,'Bồ Đào Nha','Euro','2015-2016',2,'2016-07-19 05:17:16','2016-07-19 06:39:21','euros.png'),(27,'Real Madrid','Siêu cúp Châu Âu','2016-2017',1,'0000-00-00 00:00:00',NULL,'euro-super-cup.png'),(28,'Real Madrid','Cúp Thế giới các CLB','2016-2017',1,'0000-00-00 00:00:00',NULL,'club-world-cup.png'),(29,'Real Madrid','Quả bóng vàng Thế giới','2016-2017',3,'0000-00-00 00:00:00',NULL,'ballon-dor.png');
/*!40000 ALTER TABLE `tblachivement` ENABLE KEYS */;

--
-- Table structure for table `tblcard`
--

DROP TABLE IF EXISTS `tblcard`;
/*!40101 SET @saved_cs_client     = @@character_set_client */;
/*!40101 SET character_set_client = utf8 */;
CREATE TABLE `tblcard` (
  `id` int(10) unsigned NOT NULL AUTO_INCREMENT,
  `matchday` timestamp NOT NULL DEFAULT CURRENT_TIMESTAMP ON UPDATE CURRENT_TIMESTAMP,
  `nameClub` varchar(255) COLLATE utf8_unicode_ci NOT NULL,
  `nameCompertitor` varchar(255) COLLATE utf8_unicode_ci NOT NULL,
  `nameLeague` varchar(255) COLLATE utf8_unicode_ci NOT NULL,
  `card` varchar(255) COLLATE utf8_unicode_ci NOT NULL,
  `created_at` timestamp NULL DEFAULT NULL,
  `updated_at` timestamp NULL DEFAULT NULL,
  PRIMARY KEY (`id`)
) ENGINE=MyISAM DEFAULT CHARSET=utf8 COLLATE=utf8_unicode_ci;
/*!40101 SET character_set_client = @saved_cs_client */;

--
-- Dumping data for table `tblcard`
--

/*!40000 ALTER TABLE `tblcard` DISABLE KEYS */;
/*!40000 ALTER TABLE `tblcard` ENABLE KEYS */;

--
-- Table structure for table `tblclub`
--

DROP TABLE IF EXISTS `tblclub`;
/*!40101 SET @saved_cs_client     = @@character_set_client */;
/*!40101 SET character_set_client = utf8 */;
CREATE TABLE `tblclub` (
  `id` int(10) unsigned NOT NULL AUTO_INCREMENT,
  `nameClub` varchar(255) COLLATE utf8_unicode_ci NOT NULL,
  `season` varchar(255) COLLATE utf8_unicode_ci NOT NULL,
  `clotherNumber` int(11) NOT NULL DEFAULT '7',
  `idTypeClub` int(10) unsigned NOT NULL,
  `created_at` timestamp NULL DEFAULT NULL,
  `updated_at` timestamp NULL DEFAULT NULL,
  PRIMARY KEY (`id`),
  KEY `tblClub_idtblTypeClub_foreign` (`idTypeClub`)
) ENGINE=MyISAM AUTO_INCREMENT=7 DEFAULT CHARSET=utf8 COLLATE=utf8_unicode_ci;
/*!40101 SET character_set_client = @saved_cs_client */;

--
-- Dumping data for table `tblclub`
--

/*!40000 ALTER TABLE `tblclub` DISABLE KEYS */;
INSERT INTO `tblclub` VALUES (1,'Andorinha','1992-1995',28,1,NULL,'2016-07-15 07:29:19'),(2,'Nacional','1995-1997',28,1,'2016-07-15 07:29:47','2016-07-15 07:29:47'),(3,'Sporting CP','1997-2002',28,1,'2016-07-15 07:30:14','2016-07-15 07:30:14'),(4,'Sporting CP','2002-2003',28,2,'2016-07-15 07:30:30','2016-07-15 07:30:30'),(5,'Manchester United','2003-2009',7,2,'2016-07-15 07:30:48','2016-07-15 07:30:48'),(6,'Real Madrid','2009-',7,2,'2016-07-15 07:31:21','2016-07-15 07:31:21');
/*!40000 ALTER TABLE `tblclub` ENABLE KEYS */;

--
-- Table structure for table `tblgoal`
--

DROP TABLE IF EXISTS `tblgoal`;
/*!40101 SET @saved_cs_client     = @@character_set_client */;
/*!40101 SET character_set_client = utf8 */;
CREATE TABLE `tblgoal` (
  `id` int(10) unsigned NOT NULL AUTO_INCREMENT,
  `matchday` datetime NOT NULL ON UPDATE CURRENT_TIMESTAMP,
  `nameClub` varchar(255) COLLATE utf8_unicode_ci NOT NULL,
  `nameCompertitor` varchar(255) COLLATE utf8_unicode_ci NOT NULL,
  `result` varchar(10) COLLATE utf8_unicode_ci DEFAULT NULL,
  `goal` int(10) DEFAULT NULL,
  `yellow` int(10) DEFAULT NULL,
  `red` int(10) DEFAULT NULL,
  `nameLeague` varchar(255) COLLATE utf8_unicode_ci NOT NULL,
  `info` varchar(255) COLLATE utf8_unicode_ci DEFAULT NULL,
  `created_at` timestamp NULL DEFAULT NULL,
  `updated_at` timestamp NULL DEFAULT NULL,
  PRIMARY KEY (`id`)
) ENGINE=MyISAM AUTO_INCREMENT=762 DEFAULT CHARSET=utf8 COLLATE=utf8_unicode_ci;
/*!40101 SET character_set_client = @saved_cs_client */;

--
-- Dumping data for table `tblgoal`
--

/*!40000 ALTER TABLE `tblgoal` DISABLE KEYS */;
INSERT INTO `tblgoal` VALUES (1,'2003-08-16 15:40:26','Man Utd','Bolton','4-0',0,0,0,'Ngoại Hạng Anh',NULL,NULL,NULL),(2,'2003-08-20 15:40:32','Bồ Đào Nha','Kazakhstan','1-0',0,0,0,'Giao hữu đội tuyển',NULL,'2016-07-20 08:32:58','2016-07-20 08:32:58'),(3,'2003-08-23 15:40:38','Newcastle','Man Utd','1-2',0,0,0,'Ngoại Hạng Anh',NULL,'2016-07-20 08:33:37','2016-07-20 08:33:37'),(4,'2003-08-27 15:40:43','Man Utd','Wolves','1-0',0,0,0,'Ngoại Hạng Anh',NULL,'2016-07-20 08:34:18','2016-07-20 08:34:18'),(5,'2003-08-31 15:40:50','Southampton','Man Utd','1-0',0,0,0,'Ngoại Hạng Anh',NULL,'2016-07-20 08:34:57','2016-07-20 08:34:57'),(6,'2003-09-13 15:40:57','Charlton','Man Utd','0-2',0,0,0,'Ngoại Hạng Anh',NULL,'2016-07-20 08:35:43','2016-07-20 08:35:43'),(7,'2003-09-21 00:00:00','Man Utd','Arsenal','0-0',0,1,0,'Ngoại Hạng Anh',NULL,'2016-07-20 08:39:56','2016-07-20 08:39:56'),(8,'2003-10-01 00:00:00','Stuttgart','Man Utd','2-1',0,0,0,'Champions League',NULL,'2016-07-20 08:41:38','2016-07-20 08:41:38'),(9,'2003-10-11 00:00:00','Bồ Đào Nha','Albania','5-3',0,0,0,'Giao hữu đội tuyển',NULL,'2016-07-20 08:42:18','2016-07-20 08:42:18'),(10,'2003-10-18 15:42:50','Leeds','Man Utd','0-1',0,1,0,'Ngoại Hạng Anh',NULL,'2016-07-20 08:42:39','2016-07-20 08:42:50'),(11,'2003-10-25 00:00:00','Man Utd','Fullham','1-3',0,0,0,'Ngoại Hạng Anh',NULL,'2016-07-20 08:43:35','2016-07-20 08:43:35'),(12,'2003-11-01 00:00:00','Man Utd','Portsmouth','3-0',1,0,0,'Ngoại Hạng Anh',NULL,'2016-07-20 08:44:15','2016-07-20 08:44:15'),(13,'2003-11-04 00:00:00','Man Utd','Rangers','3-0',0,0,0,'Champions League',NULL,'2016-07-20 08:44:40','2016-07-20 08:44:40'),(14,'2003-11-22 00:00:00','Man Utd','Blackburn','2-1',0,0,0,'Ngoại Hạng Anh',NULL,'2016-07-20 08:45:05','2016-07-20 08:45:05'),(15,'2003-11-26 00:00:00','Panathinaikos','Man Utd','0-1',0,0,0,'Champions League',NULL,'2016-07-20 08:45:31','2016-07-20 08:45:31'),(16,'2003-11-30 00:00:00','Chelsea','Man Utd','1-0',0,0,0,'Ngoại Hạng Anh',NULL,'2016-07-20 08:46:01','2016-07-20 08:46:01'),(17,'2003-12-03 00:00:00','West Brom','Man Utd','2-0',0,0,0,'Carling Cup',NULL,'2016-07-20 08:46:45','2016-07-20 08:46:45'),(18,'2003-12-06 00:00:00','Man Utd','Aston Villa','4-0',0,0,0,'Ngoại Hạng Anh',NULL,'2016-07-20 08:47:14','2016-07-20 08:47:14'),(19,'2003-12-13 00:00:00','Man Utd','Man City','3-1',0,0,0,'Ngoại Hạng Anh',NULL,'2016-07-20 08:47:46','2016-07-20 08:47:46'),(20,'2003-12-21 00:00:00','Tottenham','Man Utd','1-2',0,0,0,'Ngoại Hạng Anh',NULL,'2016-07-20 08:48:31','2016-07-20 08:48:31'),(21,'2003-12-26 00:00:00','Man Utd','Everton','3-2',0,0,0,'Ngoại Hạng Anh',NULL,'2016-07-20 08:49:03','2016-07-20 08:49:03'),(22,'2004-01-17 00:00:00','Wolves','Man Utd','1-0',0,0,0,'Ngoại Hạng Anh',NULL,'2016-07-20 08:49:37','2016-07-20 08:49:37'),(23,'2004-01-25 00:00:00','Northampton','Man Utd','0-3',0,0,0,'FA Cup',NULL,'2016-07-20 08:50:02','2016-07-20 08:50:02'),(24,'2004-01-31 00:00:00','Man Utd','Southampton','3-2',0,0,0,'Ngoại Hạng Anh',NULL,'2016-07-20 08:50:33','2016-07-20 08:50:33'),(25,'2004-02-07 00:00:00','Everton','Man Utd','3-4',0,0,0,'Ngoại Hạng Anh',NULL,'2016-07-20 08:51:05','2016-07-20 08:51:05'),(26,'2004-02-11 00:00:00','Man Utd','Middlesbro','2-3',0,0,0,'Ngoại Hạng Anh',NULL,'2016-07-20 08:51:37','2016-07-20 08:51:37'),(27,'2004-02-14 00:00:00','Man Utd','Man City','4-2',1,0,0,'FA Cup',NULL,'2016-07-20 08:52:16','2016-07-20 08:52:16'),(28,'2004-02-18 00:00:00','Bồ Đào Nha','Anh','1-1',0,0,0,'Giao hữu đội tuyển',NULL,'2016-07-20 08:52:46','2016-07-20 08:52:46'),(29,'2004-02-25 00:00:00','Porto','Man Utd','2-1',0,0,0,'Champions League',NULL,'2016-07-20 08:53:13','2016-07-20 08:53:13'),(30,'2004-02-28 00:00:00','Fulham','Man Utd','1-1',0,0,0,'Ngoại Hạng Anh',NULL,'2016-07-20 08:54:00','2016-07-20 08:54:00'),(31,'2004-03-06 00:00:00','Man Utd','Fullham','2-1',0,0,0,'FA Cup',NULL,'2016-07-20 08:56:14','2016-07-20 08:56:14'),(32,'2004-03-09 00:00:00','Man Utd','Porto','1-1',0,0,0,'Champions League',NULL,'2016-07-20 08:56:58','2016-07-20 08:56:58'),(33,'2004-03-14 00:00:00','Man City','Man Utd','4-1',0,0,0,'Ngoại Hạng Anh',NULL,'2016-07-20 08:57:29','2016-07-20 08:57:29'),(34,'2004-03-20 00:00:00','Man Utd','Tottenham','3-0',1,0,0,'Ngoại Hạng Anh',NULL,'2016-07-20 08:57:57','2016-07-20 08:57:57'),(35,'2004-03-31 00:00:00','Bồ Đào Nha','Ý','1-2',0,0,0,'Giao hữu đội tuyển',NULL,'2016-07-20 08:58:24','2016-07-20 08:58:24'),(36,'2004-04-03 00:00:00','Arsenal','Man Utd','0-1',0,0,0,'FA Cup',NULL,'2016-07-20 08:59:03','2016-07-20 08:59:03'),(37,'2004-04-10 00:00:00','Birmingham','Man Utd','1-2',1,0,0,'Ngoại Hạng Anh',NULL,'2016-07-20 08:59:35','2016-07-20 08:59:35'),(38,'2004-04-13 00:00:00','Man Utd','Leicester','1-0',0,0,0,'Ngoại Hạng Anh',NULL,'2016-07-20 09:01:06','2016-07-20 09:01:06'),(39,'2004-04-17 00:00:00','Portsmouth','Man Utd','1-0',0,0,0,'Ngoại Hạng Anh',NULL,'2016-07-20 09:01:38','2016-07-20 09:01:38'),(40,'2004-04-20 00:00:00','Man Utd','Charlton','2-0',0,0,0,'Ngoại Hạng Anh',NULL,'2016-07-20 09:01:58','2016-07-20 09:01:58'),(41,'2004-04-24 00:00:00','Man Utd','Liverpool','0-1',0,1,0,'Ngoại Hạng Anh',NULL,'2016-07-20 09:02:22','2016-07-20 09:02:22'),(42,'2004-04-28 00:00:00','Bồ Đào Nha','Thụy Điển','2-2',0,0,0,'Giao hữu đội tuyển',NULL,'2016-07-20 09:02:46','2016-07-20 09:02:46'),(43,'2004-05-08 00:00:00','Man Utd','Chelsea','1-1',0,0,0,'Ngoại Hạng Anh',NULL,'2016-07-20 09:03:14','2016-07-20 09:03:14'),(44,'2004-05-15 00:00:00','Aston Villa','Man Utd','0-2',1,1,1,'Ngoại Hạng Anh',NULL,'2016-07-20 09:03:44','2016-07-20 09:03:44'),(45,'2004-05-22 00:00:00','Man Utd','Millwall','3-0',1,0,0,'FA Cup',NULL,'2016-07-20 09:04:10','2016-07-20 09:04:10'),(46,'2004-05-29 00:00:00','Bồ Đào Nha','Luxembourg','3-0',0,0,0,'Giao hữu đội tuyển',NULL,'2016-07-20 09:06:06','2016-07-20 09:06:06'),(47,'2004-06-05 00:00:00','Bồ Đào Nha','Lithuania','4-1',0,0,0,'Giao hữu đội tuyển',NULL,'2016-07-20 09:06:35','2016-07-20 09:06:35'),(48,'2004-06-12 00:00:00','Bồ Đào Nha','Hy Lạp','1-2',1,0,0,'Euro 2004',NULL,'2016-07-20 09:08:11','2016-07-20 09:08:11'),(49,'2004-06-16 00:00:00','Bồ Đào Nha','Nga','2-0',0,0,0,'Euro 2004',NULL,'2016-07-20 09:08:30','2016-07-20 09:08:30'),(50,'2004-06-20 00:00:00','Bồ Đào Nha','Tây Ban Nha','1-0',0,0,0,'Euro 2004',NULL,'2016-07-20 09:08:54','2016-07-20 09:08:54'),(51,'2004-06-24 00:00:00','Bồ Đào Nha','Anh','2-2',0,0,0,'Euro 2004',NULL,'2016-07-20 09:09:17','2016-07-20 09:09:17'),(52,'2004-06-30 00:00:00','Bồ Đào Nha','Hà Lan','2-1',1,1,0,'Euro 2004',NULL,'2016-07-20 09:09:41','2016-07-20 09:09:41'),(53,'2004-07-04 00:00:00','Bồ Đào Nha','Hy Lạp','0-1',0,0,0,'Euro 2004',NULL,'2016-07-20 09:10:00','2016-07-20 09:10:00'),(54,'2004-08-21 00:00:00','Man Utd','Norwich','2-1',0,0,0,'Ngoại Hạng Anh',NULL,'2016-07-20 09:14:51','2016-07-20 09:14:51'),(55,'2004-08-25 00:00:00','Man Utd','Din. Bucharest','3-0',0,0,0,'Champions League',NULL,'2016-07-20 09:15:11','2016-07-20 09:15:11'),(56,'2004-08-28 00:00:00','Blackburn','Man Utd','1-1',0,0,0,'Ngoại Hạng Anh',NULL,'2016-07-20 09:15:32','2016-07-20 09:15:32'),(57,'2004-08-30 00:00:00','Man Utd','Everton','0-0',0,0,0,'Ngoại Hạng Anh',NULL,'2016-07-20 09:15:52','2016-07-20 09:15:52'),(58,'2004-09-04 00:00:00','Latvia','Bồ Đào Nha','0-2',1,0,0,'Vòng loại WC ',NULL,'2016-07-20 09:16:31','2016-07-20 09:16:31'),(59,'2004-09-08 00:00:00','Bồ Đào Nha','Estonia','4-0',1,0,0,'Vòng loại WC ',NULL,'2016-07-20 09:16:58','2016-07-20 09:16:58'),(60,'2004-09-11 00:00:00','Bolton','Man Utd','2-2',0,0,0,'Ngoại Hạng Anh',NULL,'2016-07-20 09:17:27','2016-07-20 09:17:27'),(61,'2004-09-15 00:00:00','Lyon','Man Utd','2-2',0,0,0,'Champions League',NULL,'2016-07-20 09:17:52','2016-07-20 09:17:52'),(62,'2004-09-20 00:00:00','Man Utd','Liverpool','2-1',0,0,0,'Ngoại Hạng Anh',NULL,'2016-07-20 09:18:16','2016-07-20 09:18:16'),(63,'2004-09-25 00:00:00','Tottenham','Man Utd','0-1',0,0,0,'Ngoại Hạng Anh',NULL,'2016-07-20 09:18:38','2016-07-20 09:18:38'),(64,'2004-10-03 00:00:00','Man Utd','Middlesbro','1-1',0,0,0,'Ngoại Hạng Anh',NULL,'2016-07-20 09:19:00','2016-07-20 09:19:00'),(65,'2004-10-09 00:00:00','Liechtenstein','Bồ Đào Nha','2-2',0,0,0,'Vòng loại WC ',NULL,'2016-07-20 09:19:25','2016-07-20 09:19:25'),(66,'2004-10-13 00:00:00','Bồ Đào Nha','Nga','7-1',2,0,0,'Vòng loại WC ',NULL,'2016-07-20 09:20:48','2016-07-20 09:20:48'),(67,'2004-10-16 00:00:00','Birmingham','Man Utd','0-0',0,0,0,'Ngoại Hạng Anh',NULL,'2016-07-20 09:21:31','2016-07-20 09:21:31'),(68,'2004-10-19 00:00:00','Sparta Prague','Man Utd','0-0',0,0,0,'Champions League',NULL,'2016-07-20 09:22:04','2016-07-20 09:22:04'),(69,'2004-10-24 00:00:00','Man Utd','Arsenal','2-0',0,0,0,'Ngoại Hạng Anh',NULL,'2016-07-20 09:22:28','2016-07-20 09:22:28'),(70,'2004-10-30 00:00:00','Portsmouth','Man Utd','2-0',0,0,0,'Ngoại Hạng Anh',NULL,'2016-07-20 09:22:50','2016-07-20 09:22:50'),(71,'2004-11-03 00:00:00','Man Utd','Sparta Prague','4-1',0,0,0,'Champions League',NULL,'2016-07-20 09:23:15','2016-07-20 09:23:15'),(72,'2004-11-07 00:00:00','Man Utd','Man City','0-0',0,0,0,'Ngoại Hạng Anh',NULL,'2016-07-20 09:23:38','2016-07-20 09:23:38'),(73,'2004-11-14 00:00:00','Newcastle','Man Utd','1-3',0,0,0,'Ngoại Hạng Anh',NULL,'2016-07-20 09:24:03','2016-07-20 09:24:03'),(74,'2004-11-17 00:00:00','Luxembourg','Bồ Đào Nha','0-5',1,0,0,'Vòng loại WC ',NULL,'2016-07-20 09:24:23','2016-07-20 09:24:23'),(75,'2004-11-23 00:00:00','Man Utd','Lyon','2-1',0,0,0,'Champions League',NULL,'2016-07-20 09:25:45','2016-07-20 09:25:45'),(76,'2004-11-27 00:00:00','West Brom','Man Utd','0-3',0,0,0,'Ngoại Hạng Anh',NULL,'2016-07-20 09:26:06','2016-07-20 09:26:06'),(77,'2004-12-04 00:00:00','Man Utd','Southampton','3-0',1,0,0,'Ngoại Hạng Anh',NULL,'2016-07-20 09:26:33','2016-07-20 09:26:33'),(78,'2004-12-08 00:00:00','Fenerbahce','Man Utd','3-0',0,0,0,'Champions League',NULL,'2016-07-20 09:26:53','2016-07-20 09:26:53'),(79,'2004-12-13 00:00:00','Fulham','Man Utd','1-1',0,0,0,'Ngoại Hạng Anh',NULL,'2016-07-20 09:27:17','2016-07-20 09:27:17'),(80,'2004-12-26 00:00:00','Man Utd','Bolton','2-0',0,0,0,'Ngoại Hạng Anh',NULL,'2016-07-20 09:27:43','2016-07-20 09:27:43'),(81,'2004-12-28 00:00:00','Aston Villa','Man Utd','0-1',0,0,0,'Ngoại Hạng Anh',NULL,'2016-07-20 09:28:01','2016-07-20 09:28:01'),(82,'2005-01-01 00:00:00','Middlesbro','Man Utd','0-2',0,0,0,'Ngoại Hạng Anh',NULL,'2016-07-20 09:28:28','2016-07-20 09:28:28'),(83,'2005-01-04 16:29:04','Man Utd','Tottenham','0-0',0,0,0,'Ngoại Hạng Anh',NULL,'2016-07-20 09:28:39','2016-07-20 09:29:04'),(84,'2005-01-08 00:00:00','Man Utd','Exeter','0-0',0,0,0,'FA Cup',NULL,'2016-07-20 09:34:59','2016-07-20 09:34:59'),(85,'2005-01-12 00:00:00','Chelsea','Man Utd','0-0',0,1,0,'Carling Cup',NULL,'2016-07-20 09:35:22','2016-07-20 09:35:22'),(86,'2005-01-15 00:00:00','Liverpool','Man Utd','0-1',0,0,0,'Ngoại Hạng Anh',NULL,'2016-07-20 09:35:48','2016-07-20 09:35:48'),(87,'2005-01-19 00:00:00','Exeter','Man Utd','0-2',1,0,0,'FA Cup',NULL,'2016-07-20 09:36:20','2016-07-20 09:36:20'),(88,'2005-01-22 00:00:00','Man Utd','Aston Villa','3-1',1,1,0,'Ngoại Hạng Anh',NULL,'2016-07-20 09:36:55','2016-07-20 09:36:55'),(89,'2005-01-26 00:00:00','Man Utd','Chelsea','1-2',0,0,0,'Carling Cup',NULL,'2016-07-20 09:37:22','2016-07-20 09:37:22'),(90,'2005-01-29 00:00:00','Man Utd','Middlesbro','3-0',0,0,0,'FA Cup',NULL,'2016-07-20 09:37:50','2016-07-20 09:37:50'),(91,'2005-02-01 00:00:00','Arsenal','Man Utd','2-4',2,1,0,'Ngoại Hạng Anh',NULL,'2016-07-20 09:38:24','2016-07-20 09:38:24'),(92,'2005-02-05 00:00:00','Man Utd','Birmingham','2-0',0,0,0,'Ngoại Hạng Anh',NULL,'2016-07-20 09:38:52','2016-07-20 09:38:52'),(93,'2005-02-09 00:00:00','Ireland','Bồ Đào Nha','1-0',0,0,0,'Giao hữu đội tuyển',NULL,'2016-07-20 09:39:33','2016-07-20 09:39:33'),(94,'2005-02-13 00:00:00','Man City','Man Utd','0-2',0,0,0,'Ngoại Hạng Anh',NULL,'2016-07-20 09:39:52','2016-07-20 09:39:52'),(95,'2005-02-19 00:00:00','Everton','Man Utd','0-2',1,0,0,'FA Cup',NULL,'2016-07-20 09:40:16','2016-07-20 09:40:16'),(96,'2005-02-23 00:00:00','Man Utd','Milan','0-1',0,0,0,'Champions League',NULL,'2016-07-20 09:41:18','2016-07-20 09:41:18'),(97,'2005-02-26 00:00:00','Man Utd','Portsmouth','2-1',0,0,0,'Ngoại Hạng Anh',NULL,'2016-07-20 09:41:47','2016-07-20 09:41:47'),(98,'2005-03-05 00:00:00','C Palace','Man Utd','0-0',0,0,0,'Ngoại Hạng Anh',NULL,'2016-07-20 09:42:08','2016-07-20 09:42:08'),(99,'2005-03-08 00:00:00','Milan','Man Utd','1-0',0,0,0,'Champions League',NULL,'2016-07-20 09:42:26','2016-07-20 09:42:26'),(100,'2005-03-12 00:00:00','Southampton','Man Utd','0-4',1,0,0,'FA Cup',NULL,'2016-07-20 09:43:01','2016-07-20 09:43:01'),(101,'2005-03-19 00:00:00','Man Utd','Fullham','1-0',1,0,0,'Ngoại Hạng Anh',NULL,'2016-07-20 09:43:31','2016-07-20 09:43:31'),(102,'2005-03-26 00:00:00','Bồ Đào Nha','Canada','4-1',0,0,0,'Giao hữu đội tuyển',NULL,'2016-07-20 09:43:51','2016-07-20 09:43:51'),(103,'2005-03-30 00:00:00','Slovakia','Bồ Đào Nha','1-1',0,0,0,'Giao hữu đội tuyển',NULL,'2016-07-20 09:44:18','2016-07-20 09:44:18'),(104,'2005-04-02 00:00:00','Man Utd','Blackburn','0-0',0,0,0,'Ngoại Hạng Anh',NULL,'2016-07-20 09:44:40','2016-07-20 09:44:40'),(105,'2005-04-09 00:00:00','Norwich','Man Utd','2-0',0,0,0,'Ngoại Hạng Anh',NULL,'2016-07-20 09:45:01','2016-07-20 09:45:01'),(106,'2005-04-17 00:00:00','Newcastle','Man Utd','1-4',1,1,0,'FA Cup',NULL,'2016-07-20 09:46:01','2016-07-20 09:46:01'),(107,'2005-04-20 00:00:00','Everton','Man Utd','1-0',0,1,0,'Ngoại Hạng Anh',NULL,'2016-07-20 09:46:21','2016-07-20 09:46:21'),(108,'2005-04-24 00:00:00','Man Utd','Newcastle','2-1',0,0,0,'Ngoại Hạng Anh',NULL,'2016-07-20 09:46:42','2016-07-20 09:46:42'),(109,'2005-05-07 00:00:00','Man Utd','West Brom','1-1',0,0,0,'Ngoại Hạng Anh',NULL,'2016-07-20 09:47:08','2016-07-20 09:47:08'),(110,'2005-05-10 00:00:00','Man Utd','Chelsea','1-3',0,0,0,'Ngoại Hạng Anh',NULL,'2016-07-20 09:47:24','2016-07-20 09:47:24'),(111,'2005-05-21 00:00:00','Arsenal','Man Utd','0-0',0,0,0,'FA Cup',NULL,'2016-07-20 09:47:41','2016-07-20 09:47:41'),(112,'2005-06-04 00:00:00','Bồ Đào Nha','Slovakia','2-0',1,0,0,'Vòng loại WC ',NULL,'2016-07-20 09:48:22','2016-07-20 09:48:22'),(113,'2005-06-08 00:00:00','Estonia','Bồ Đào Nha','0-1',1,0,0,'Vòng loại WC ',NULL,'2016-07-20 09:48:38','2016-07-20 09:48:38'),(114,'2005-08-09 00:00:00','Man Utd','Debrecen','3-0',1,0,0,'Champions League',NULL,'2016-07-21 08:28:38','2016-07-21 08:28:38'),(115,'2005-08-20 00:00:00','Man Utd','Aston Villa','1-0',0,0,0,'Ngoại Hạng Anh',NULL,'2016-07-21 08:29:01','2016-07-21 08:29:01'),(116,'2005-08-24 00:00:00','Debrecen','Man Utd','0-3',0,0,0,'Champions League',NULL,'2016-07-21 08:29:35','2016-07-21 08:29:35'),(117,'2005-08-28 00:00:00','Newcastle','Man Utd','0-2',0,1,0,'Ngoại Hạng Anh',NULL,'2016-07-21 08:30:01','2016-07-21 08:30:01'),(118,'2005-09-03 00:00:00','Bồ Đào Nha','Luxembourg','6-0',0,0,0,'Vòng loại WC ',NULL,'2016-07-21 08:30:34','2016-07-21 08:30:34'),(119,'2005-09-07 00:00:00','Nga','Bồ Đào Nha','0-0',0,0,0,'Vòng loại WC ',NULL,'2016-07-21 08:30:56','2016-07-21 08:30:56'),(120,'2005-09-14 00:00:00','Villarreal','Man Utd','0-0',0,0,0,'Champions League',NULL,'2016-07-21 08:31:20','2016-07-21 08:31:20'),(121,'2005-09-18 00:00:00','Liverpool','Man Utd','0-0',0,0,0,'Ngoại Hạng Anh',NULL,'2016-07-21 08:31:42','2016-07-21 08:31:42'),(122,'2005-09-24 00:00:00','Man Utd','Blackburn','1-2',0,1,0,'Ngoại Hạng Anh',NULL,'2016-07-21 08:32:03','2016-07-21 08:32:03'),(123,'2005-09-27 00:00:00','Man Utd','Benfica','2-1',0,0,0,'Champions League',NULL,'2016-07-21 08:32:30','2016-07-21 08:32:30'),(124,'2005-10-01 00:00:00','Fulham','Man Utd','2-3',0,0,0,'Ngoại Hạng Anh',NULL,'2016-07-21 08:32:54','2016-07-21 08:32:54'),(125,'2005-10-08 00:00:00','Bồ Đào Nha','Liechtenstein','2-1',0,1,0,'Vòng loại WC ',NULL,'2016-07-21 08:33:27','2016-07-21 08:33:27'),(126,'2005-10-12 00:00:00','Bồ Đào Nha','Latvia','3-0',0,0,0,'Vòng loại WC ',NULL,'2016-07-21 08:33:51','2016-07-21 08:33:51'),(127,'2005-10-15 00:00:00','Sunderland','Man Utd','1-3',0,1,0,'Ngoại Hạng Anh',NULL,'2016-07-21 08:34:24','2016-07-21 08:34:24'),(128,'2005-10-18 00:00:00','Man Utd','Lille','0-0',0,0,0,'Champions League',NULL,'2016-07-21 08:34:59','2016-07-21 08:34:59'),(129,'2005-10-22 00:00:00','Man Utd','Tottenham','1-1',0,0,0,'Ngoại Hạng Anh',NULL,'2016-07-21 08:35:18','2016-07-21 08:35:18'),(130,'2005-10-29 00:00:00','Middlesbro','Man Utd','4-1',1,0,0,'Ngoại Hạng Anh',NULL,'2016-07-21 08:35:42','2016-07-21 08:35:42'),(131,'2005-11-02 00:00:00','Lille','Man Utd','1-0',0,0,0,'Champions League',NULL,'2016-07-21 08:36:01','2016-07-21 08:36:01'),(132,'2005-11-06 00:00:00','Man Utd','Chelsea','1-0',0,1,0,'Ngoại Hạng Anh',NULL,'2016-07-21 08:36:33','2016-07-21 08:36:33'),(133,'2005-11-15 00:00:00','N Ireland','Bồ Đào Nha','1-1',0,0,0,'Giao hữu đội tuyển',NULL,'2016-07-21 08:37:04','2016-07-21 08:37:04'),(134,'2005-11-19 00:00:00','Charlton','Man Utd','1-3',0,0,0,'Ngoại Hạng Anh',NULL,'2016-07-21 08:37:28','2016-07-21 08:37:28'),(135,'2005-11-22 00:00:00','Man Utd','Villarreal','0-0',0,0,0,'Champions League',NULL,'2016-07-21 08:37:55','2016-07-21 08:37:55'),(136,'2005-11-30 00:00:00','Man Utd','West Brom','3-1',1,0,0,'Carling Cup',NULL,'2016-07-21 08:38:22','2016-07-21 08:38:22'),(137,'2005-12-03 00:00:00','Man Utd','Portsmouth','3-0',0,0,0,'Ngoại Hạng Anh',NULL,'2016-07-21 08:38:40','2016-07-21 08:38:40'),(138,'2005-12-07 00:00:00','Benfica','Man Utd','2-1',0,1,0,'Champions League',NULL,'2016-07-21 08:39:14','2016-07-21 08:39:14'),(139,'2005-12-11 00:00:00','Man Utd','Everton','1-1',0,0,0,'Ngoại Hạng Anh',NULL,'2016-07-21 08:39:35','2016-07-21 08:39:35'),(140,'2005-12-14 00:00:00','Man Utd','Wigan','4-0',0,0,0,'Ngoại Hạng Anh',NULL,'2016-07-21 08:39:57','2016-07-21 08:39:57'),(141,'2005-12-17 00:00:00','Aston Villa','Man Utd','0-2',0,0,0,'Ngoại Hạng Anh',NULL,'2016-07-21 08:40:20','2016-07-21 08:40:20'),(142,'2005-12-20 00:00:00','Birmingham','Man Utd','1-3',0,0,0,'Carling Cup',NULL,'2016-07-21 08:41:00','2016-07-21 08:41:00'),(143,'2005-12-28 00:00:00','Birmingham','Man Utd','2-2',0,0,0,'Ngoại Hạng Anh',NULL,'2016-07-21 08:41:18','2016-07-21 08:41:18'),(144,'2005-12-31 00:00:00','Man Utd','Bolton','4-1',2,1,0,'Ngoại Hạng Anh',NULL,'2016-07-21 08:41:52','2016-07-21 08:41:52'),(145,'2016-07-21 15:42:49','Arsenal','Man Utd','0-0',0,0,0,'Ngoại Hạng Anh',NULL,'2016-07-21 08:42:10','2016-07-21 08:42:10'),(146,'2006-01-08 00:00:00','Burton','Man Utd','0-0',0,0,0,'FA Cup',NULL,'2016-07-21 08:43:31','2016-07-21 08:43:31'),(147,'2006-01-11 00:00:00','Blackburn','Man Utd','1-1',0,0,0,'Carling Cup',NULL,'2016-07-21 08:43:53','2016-07-21 08:43:53'),(148,'2006-01-14 00:00:00','Man City','Man Utd','3-1',0,0,1,'Ngoại Hạng Anh',NULL,'2016-07-21 08:44:20','2016-07-21 08:44:20'),(149,'2006-02-01 00:00:00','Blackburn','Man Utd','4-3',0,0,0,'Ngoại Hạng Anh',NULL,'2016-07-21 08:44:48','2016-07-21 08:44:48'),(150,'2006-02-04 00:00:00','Man Utd','Fullham','4-2',2,0,0,'Ngoại Hạng Anh',NULL,'2016-07-21 08:45:12','2016-07-21 08:45:12'),(151,'2006-02-11 00:00:00','Portsmouth','Man Utd','1-3',2,0,0,'Ngoại Hạng Anh',NULL,'2016-07-21 08:45:34','2016-07-21 08:45:34'),(152,'2006-02-18 00:00:00','Liverpool','Man Utd','1-0',0,0,0,'FA Cup',NULL,'2016-07-21 08:45:58','2016-07-21 08:45:58'),(153,'2006-02-26 00:00:00','Man Utd','Wigan','4-0',1,1,0,'Carling Cup',NULL,'2016-07-21 08:46:31','2016-07-21 08:46:31'),(154,'2006-03-06 00:00:00','Wigan','Man Utd','1-2',1,0,0,'Ngoại Hạng Anh',NULL,'2016-07-21 08:47:03','2016-07-21 08:47:03'),(155,'2006-03-12 00:00:00','Man Utd','Newcastle','2-0',0,0,0,'Ngoại Hạng Anh',NULL,'2016-07-21 08:47:39','2016-07-21 08:47:39'),(156,'2006-03-18 00:00:00','West Brom','Man Utd','1-2',0,0,0,'Ngoại Hạng Anh',NULL,'2016-07-21 08:48:02','2016-07-21 08:48:02'),(157,'2006-03-26 00:00:00','Man Utd','Birmingham','3-0',0,0,0,'Ngoại Hạng Anh',NULL,'2016-07-21 08:48:31','2016-07-21 08:48:31'),(158,'2006-03-29 00:00:00','Man Utd','West Ham','1-0',0,0,0,'Ngoại Hạng Anh',NULL,'2016-07-21 08:49:03','2016-07-21 08:49:03'),(159,'2006-04-01 00:00:00','Bolton','Man Utd','1-2',0,1,0,'Ngoại Hạng Anh',NULL,'2016-07-21 08:49:29','2016-07-21 08:49:29'),(160,'2006-04-09 00:00:00','Man Utd','Arsenal','2-0',0,0,0,'Ngoại Hạng Anh',NULL,'2016-07-21 08:49:52','2016-07-21 08:49:52'),(161,'2006-04-14 00:00:00','Man Utd','Sunderland','0-0',0,0,0,'Ngoại Hạng Anh',NULL,'2016-07-21 08:50:13','2016-07-21 08:50:13'),(162,'2006-04-17 00:00:00','Tottenham','Man Utd','1-2',0,0,0,'Ngoại Hạng Anh',NULL,'2016-07-21 08:50:37','2016-07-21 08:50:37'),(163,'2006-04-29 00:00:00','Chelsea','Man Utd','3-0',0,1,0,'Ngoại Hạng Anh',NULL,'2016-07-21 08:51:00','2016-07-21 08:51:00'),(164,'2006-05-01 00:00:00','Man Utd','Middlesbro','0-0',0,0,0,'Ngoại Hạng Anh',NULL,'2016-07-21 08:51:25','2016-07-21 08:51:25'),(165,'2006-05-07 00:00:00','Man Utd','Charlton','4-0',1,0,0,'Ngoại Hạng Anh',NULL,'2016-07-21 08:51:48','2016-07-21 08:51:48'),(166,'2006-06-11 00:00:00','Bồ Đào Nha','Angola','1-0',0,1,0,'World Cup 2006',NULL,'2016-07-21 08:52:46','2016-07-21 08:52:46'),(167,'2006-06-17 00:00:00','Bồ Đào Nha','Iran','2-0',1,0,0,'World Cup 2006',NULL,'2016-07-21 08:53:11','2016-07-21 08:53:11'),(168,'2006-06-25 00:00:00','Bồ Đào Nha','Hà Lan','1-0',0,0,0,'World Cup 2006',NULL,'2016-07-21 08:53:32','2016-07-21 08:53:32'),(169,'2016-07-21 16:04:11','Bồ Đào Nha','Anh','0-0',0,0,0,'World Cup 2006','Penalties: Bồ Đào Nha thắng 3-1 ','2016-07-21 08:53:49','2016-07-21 08:53:49'),(170,'2006-07-05 00:00:00','Bồ Đào Nha','Pháp','0-1',0,0,0,'World Cup 2006',NULL,'2016-07-21 08:54:09','2016-07-21 08:54:09'),(171,'2006-07-08 00:00:00','Bồ Đào Nha','Đức','1-3',0,0,0,'World Cup 2006',NULL,'2016-07-21 08:54:33','2016-07-21 08:54:33'),(172,'2006-08-20 00:00:00','Man Utd','Fullham','5-1',1,0,0,'Ngoại Hạng Anh','','2016-07-21 09:08:59','2016-07-21 09:08:59'),(173,'2006-08-23 00:00:00','Charlton','Man Utd','0-3',0,0,0,'Ngoại Hạng Anh','','2016-07-21 09:09:23','2016-07-21 09:09:23'),(174,'2006-08-26 00:00:00','Watford','Man Utd','1-2',0,0,0,'Ngoại Hạng Anh','','2016-07-21 09:09:58','2016-07-21 09:09:58'),(175,'2006-09-06 00:00:00','Phần Lan','Bồ Đào Nha','1-1',0,0,0,'Vòng loại Euro','','2016-07-21 09:10:54','2016-07-21 09:10:54'),(176,'2006-09-09 00:00:00','Man Utd','Tottenham','1-0',0,0,0,'Ngoại Hạng Anh','','2016-07-21 09:11:29','2016-07-21 09:11:29'),(177,'2006-09-17 00:00:00','Man Utd','Arsenal','0-1',0,0,0,'Ngoại Hạng Anh','','2016-07-21 09:11:51','2016-07-21 09:11:51'),(178,'2006-09-23 00:00:00','Reading','Man Utd','1-1',1,0,0,'Ngoại Hạng Anh','','2016-07-21 09:12:18','2016-07-21 09:12:18'),(179,'2006-09-26 00:00:00','Benfica','Man Utd','0-1',0,0,0,'Champions League','','2016-07-21 09:13:01','2016-07-21 09:13:01'),(180,'2006-10-01 00:00:00','Man Utd','Newcastle','2-0',0,0,0,'Ngoại Hạng Anh','','2016-07-21 09:13:31','2016-07-21 09:13:31'),(181,'2006-10-07 00:00:00','Bồ Đào Nha','Azerbaijan','3-0',2,0,0,'Vòng loại Euro','','2016-07-21 09:14:12','2016-07-21 09:14:12'),(182,'2006-10-11 00:00:00','Ba Lan','Bồ Đào Nha','2-1',0,0,0,'Vòng loại Euro','','2016-07-21 09:14:39','2016-07-21 09:14:39'),(183,'2006-10-17 00:00:00','Man Utd','FC Copenhagen','3-0',0,0,0,'Champions League','','2016-07-21 09:15:17','2016-07-21 09:15:17'),(184,'2006-10-28 00:00:00','Bolton','Man Utd','0-4',1,0,0,'Ngoại Hạng Anh','','2016-07-21 09:15:47','2016-07-21 09:15:47'),(185,'2006-11-01 00:00:00','FC Copenhagen','Man Utd','1-0',0,1,0,'Champions League','','2016-07-21 09:16:12','2016-07-21 09:16:12'),(186,'2006-11-04 00:00:00','Man Utd','Portsmouth','3-0',1,0,0,'Ngoại Hạng Anh','','2016-07-21 09:16:33','2016-07-21 09:16:33'),(187,'2006-11-07 00:00:00','Southend','Man Utd','1-0',0,0,0,'Carling Cup','','2016-07-21 09:17:04','2016-07-21 09:17:04'),(188,'2006-11-11 00:00:00','Blackburn','Man Utd','0-1',0,0,0,'Ngoại Hạng Anh','','2016-07-21 09:17:24','2016-07-21 09:17:24'),(189,'2006-11-15 00:00:00','Bồ Đào Nha','Kazakhstan','3-0',1,0,0,'Vòng loại Euro','','2016-07-21 09:17:56','2016-07-21 09:17:56'),(190,'2006-11-18 00:00:00','Sheff Utd','Man Utd','1-2',0,0,0,'Ngoại Hạng Anh','','2016-07-21 09:18:27','2016-07-21 09:18:27'),(191,'2006-11-21 00:00:00','Celtic','Man Utd','1-0',0,0,0,'Champions League','','2016-07-21 09:18:46','2016-07-21 09:18:46'),(192,'2006-11-26 00:00:00','Man Utd','Chelsea','1-1',0,0,0,'Ngoại Hạng Anh','','2016-07-21 09:19:15','2016-07-21 09:19:15'),(193,'2006-11-29 00:00:00','Man Utd','Everton','3-0',1,0,0,'Ngoại Hạng Anh','','2016-07-21 09:19:39','2016-07-21 09:19:39'),(194,'2006-12-02 00:00:00','Middlesbro','Man Utd','1-2',0,0,0,'Ngoại Hạng Anh','','2016-07-21 09:20:17','2016-07-21 09:20:17'),(195,'2006-12-06 00:00:00','Man Utd','Benfica','3-1',0,0,0,'Champions League','','2016-07-21 09:20:51','2016-07-21 09:20:51'),(196,'2006-12-09 00:00:00','Man Utd','Man City','3-1',1,0,0,'Ngoại Hạng Anh','','2016-07-21 09:21:16','2016-07-21 09:21:16'),(197,'2006-12-17 00:00:00','West Ham','Man Utd','1-0',0,0,0,'Ngoại Hạng Anh','','2016-07-21 09:21:42','2016-07-21 09:21:42'),(198,'2006-12-23 00:00:00','Aston Villa','Man Utd','0-3',2,0,0,'Ngoại Hạng Anh','','2016-07-21 09:22:09','2016-07-21 09:22:09'),(199,'2006-12-26 00:00:00','Man Utd','Wigan','3-1',2,0,0,'Ngoại Hạng Anh','','2016-07-21 09:23:51','2016-07-21 09:23:51'),(200,'2006-12-30 00:00:00','Man Utd','Reading','3-2',2,0,0,'Ngoại Hạng Anh','','2016-07-21 09:24:11','2016-07-21 09:24:11'),(201,'2007-01-01 00:00:00','Newcastle','Man Utd','2-2',0,0,0,'Ngoại Hạng Anh','','2016-07-21 09:24:36','2016-07-21 09:24:36'),(202,'2007-01-07 00:00:00','Man Utd','Aston Villa','2-1',0,0,0,'FA Cup','','2016-07-21 09:25:03','2016-07-21 09:25:03'),(203,'2007-01-13 00:00:00','Man Utd','Aston Villa','3-1',1,0,0,'Ngoại Hạng Anh','','2016-07-21 09:25:24','2016-07-21 09:25:24'),(204,'2007-01-21 00:00:00','Arsenal','Man Utd','2-1',0,1,0,'Ngoại Hạng Anh','','2016-07-21 09:25:50','2016-07-21 09:25:50'),(205,'2007-01-31 00:00:00','Man Utd','Watford','4-0',1,0,0,'Ngoại Hạng Anh','','2016-07-21 09:26:33','2016-07-21 09:26:33'),(206,'2007-02-04 00:00:00','Tottenham','Man Utd','0-4',1,0,0,'Ngoại Hạng Anh','','2016-07-21 09:27:00','2016-07-21 09:27:00'),(207,'2007-02-06 00:00:00','Bồ Đào Nha','Braxin','2-0',0,0,0,'Giao hữu đội tuyển','','2016-07-21 09:27:38','2016-07-21 09:27:38'),(208,'2007-02-17 00:00:00','Man Utd','Reading','1-1',0,0,0,'FA Cup','','2016-07-21 09:28:06','2016-07-21 09:28:06'),(209,'2007-02-20 00:00:00','Lille','Man Utd','0-1',0,0,0,'Champions League','','2016-07-21 09:28:30','2016-07-21 09:28:30'),(210,'2007-02-24 00:00:00','Fulham','Man Utd','1-2',1,0,0,'Ngoại Hạng Anh','','2016-07-21 09:29:00','2016-07-21 09:29:00'),(211,'2016-07-21 16:29:47','Reading','Man Utd','2-3',0,0,0,'FA Cup','','2016-07-21 09:29:21','2016-07-21 09:29:21'),(212,'2007-03-03 00:00:00','Liverpool','Man Utd','0-1',0,0,0,'Ngoại Hạng Anh','','2016-07-21 09:30:15','2016-07-21 09:30:15'),(213,'2007-03-07 00:00:00','Man Utd','Lille','1-0',0,1,0,'Champions League','','2016-07-21 09:30:38','2016-07-21 09:30:38'),(214,'2016-07-21 16:31:48','Middlesbro','Man Utd','2-2',1,0,0,'FA Cup','','2016-07-21 09:30:57','2016-07-21 09:30:57'),(215,'2007-03-17 00:00:00','Man Utd','Bolton','4-1',0,0,0,'Ngoại Hạng Anh','','2016-07-21 09:31:34','2016-07-21 09:31:34'),(216,'2007-03-19 00:00:00','Man Utd','Middlesbro','1-0',1,0,0,'FA Cup','','2016-07-21 09:32:24','2016-07-21 09:32:24'),(217,'2007-03-24 00:00:00','Bồ Đào Nha','Bỉ','4-0',2,1,0,'Vòng loại Euro','','2016-07-21 09:32:56','2016-07-21 09:32:56'),(218,'2007-03-28 00:00:00','Serbia','Bồ Đào Nha','1-1',0,1,0,'Vòng loại Euro','','2016-07-21 09:33:23','2016-07-21 09:33:23'),(219,'2007-03-31 00:00:00','Man Utd','Blackburn','4-1',0,0,0,'Ngoại Hạng Anh','','2016-07-21 09:33:45','2016-07-21 09:33:45'),(220,'2007-04-04 00:00:00','Roma','Man Utd','2-1',0,0,0,'Champions League','','2016-07-21 09:34:19','2016-07-21 09:34:19'),(221,'2007-04-07 00:00:00','Portsmouth','Man Utd','2-1',0,0,0,'Ngoại Hạng Anh','','2016-07-21 09:34:46','2016-07-21 09:34:46'),(222,'2007-04-10 00:00:00','Man Utd','Roma','7-1',2,0,0,'Champions League','','2016-07-21 09:35:18','2016-07-21 09:35:18'),(223,'2007-04-14 00:00:00','Watford','Man Utd','1-4',1,0,0,'FA Cup','','2016-07-21 09:35:55','2016-07-21 09:35:55'),(224,'2007-04-17 00:00:00','Man Utd','Sheff Utd','2-0',0,1,0,'Ngoại Hạng Anh','','2016-07-21 09:36:28','2016-07-21 09:36:28'),(225,'2007-04-21 00:00:00','Man Utd','Middlesbro','1-1',0,0,0,'Ngoại Hạng Anh','','2016-07-21 09:36:49','2016-07-21 09:36:49'),(226,'2007-04-24 00:00:00','Man Utd','Milan','3-2',1,0,0,'Champions League','','2016-07-21 09:37:14','2016-07-21 09:37:14'),(227,'2007-04-28 00:00:00','Everton','Man Utd','2-4',0,0,0,'Ngoại Hạng Anh','','2016-07-21 09:37:41','2016-07-21 09:37:41'),(228,'2007-05-02 00:00:00','Milan','Man Utd','3-0',0,1,0,'Champions League','','2016-07-21 09:38:07','2016-07-21 09:38:07'),(229,'2007-05-05 00:00:00','Man City','Man Utd','0-1',1,0,0,'Ngoại Hạng Anh','','2016-07-21 09:38:39','2016-07-21 09:38:39'),(230,'2007-05-13 00:00:00','Man Utd','West Ham','0-1',0,0,0,'Ngoại Hạng Anh','','2016-07-21 09:39:08','2016-07-21 09:39:08'),(231,'2007-05-19 00:00:00','Man Utd','Chelsea','0-1',0,0,0,'FA Cup','','2016-07-21 09:39:28','2016-07-21 09:39:28'),(232,'2007-08-05 00:00:00','Chelsea','Man Utd','1-1',0,0,0,'Siêu cúp Anh','Man Utd thắng 3-0 trên penalties','2016-07-23 14:23:49','2016-07-23 14:23:49'),(233,'2007-08-12 00:00:00','Man Utd','Reading','0-0',0,0,0,'Ngoại Hạng Anh','','2016-07-23 14:26:08','2016-07-23 14:26:08'),(234,'2007-08-15 00:00:00','Portsmouth','Man Utd','1-1',0,0,1,'Ngoại Hạng Anh','','2016-07-23 14:26:34','2016-07-23 14:26:34'),(235,'2007-08-22 00:00:00','Armenia','Bồ Đào Nha','1-1',1,0,0,'Vòng loại Euro','','2016-07-23 14:27:14','2016-07-23 14:27:14'),(236,'2007-09-08 00:00:00','Bồ Đào Nha','Ba Lan','2-2',1,0,0,'Vòng loại Euro','','2016-07-23 14:27:45','2016-07-23 14:27:45'),(237,'2007-09-12 00:00:00','Bồ Đào Nha','Serbia','1-1',0,0,0,'Vòng loại Euro','','2016-07-23 14:28:16','2016-07-23 14:28:16'),(238,'2007-09-15 00:00:00','Everton','Man Utd','0-1',0,1,0,'Ngoại Hạng Anh','','2016-07-23 14:28:45','2016-07-23 14:28:45'),(239,'2007-09-19 00:00:00','Sporting CP','Man Utd','0-1',1,0,0,'Champions League','','2016-07-23 14:29:26','2016-07-23 14:29:26'),(240,'2007-09-23 00:00:00','Man Utd','Chelsea','2-0',0,0,0,'Ngoại Hạng Anh','','2016-07-23 14:29:46','2016-07-23 14:29:46'),(241,'2007-09-29 00:00:00','Birmingham','Man Utd','0-1',1,0,0,'Ngoại Hạng Anh','','2016-07-23 14:30:23','2016-07-23 14:30:23'),(242,'2007-10-02 00:00:00','Man Utd','Roma','1-0',0,0,0,'Champions League','','2016-07-23 14:30:48','2016-07-23 14:30:48'),(243,'2007-10-06 00:00:00','Man Utd','Wigan','4-0',2,0,0,'Ngoại Hạng Anh','','2016-07-23 14:31:06','2016-07-23 14:31:06'),(244,'2007-10-13 00:00:00','Azerbaijan','Bồ Đào Nha','0-2',0,0,0,'Vòng loại Euro','','2016-07-23 14:31:44','2016-07-23 14:31:44'),(245,'2007-10-17 00:00:00','Kazakhstan','Bồ Đào Nha','1-2',1,0,0,'Vòng loại Euro','','2016-07-23 14:32:18','2016-07-23 14:32:18'),(246,'2007-10-20 00:00:00','Aston Villa','Man Utd','1-4',0,0,0,'Ngoại Hạng Anh','','2016-07-23 14:32:53','2016-07-23 14:32:53'),(247,'2007-10-23 00:00:00','Dinamo Kiev','Man Utd','2-4',2,0,0,'Champions League','','2016-07-23 14:33:18','2016-07-23 14:33:18'),(248,'2007-10-27 00:00:00','Man Utd','Middlesbro','4-1',0,0,0,'Ngoại Hạng Anh','','2016-07-23 14:33:42','2016-07-23 14:33:42'),(249,'2007-11-03 00:00:00','Arsenal','Man Utd','2-2',1,0,0,'Ngoại Hạng Anh','','2016-07-23 14:34:12','2016-07-23 14:34:12'),(250,'2007-11-07 00:00:00','Man Utd','Dynamo Kiev','4-0',1,0,0,'Champions League','','2016-07-23 14:34:39','2016-07-23 14:34:39'),(251,'2016-07-23 07:39:43','Man Utd','Blackburn','2-0',2,1,0,'Ngoại Hạng Anh','','2016-07-23 14:34:57','2016-07-23 14:34:57'),(252,'2016-07-23 07:40:02','Bồ Đào Nha','Armenia','1-0',0,0,0,'Vòng loại Euro','','2016-07-23 14:35:23','2016-07-23 14:35:23'),(253,'2016-07-23 07:40:43','Bồ Đào Nha','Phần Lan','0-0',0,0,0,'Vòng loại Euro','','2016-07-23 14:36:09','2016-07-23 14:36:09'),(254,'2007-11-27 00:00:00','Man Utd','Sporting CP','2-1',1,1,0,'Champions League','','2016-07-23 14:41:35','2016-07-23 14:41:35'),(255,'2007-12-03 00:00:00','Man Utd','Fullham','2-0',2,1,0,'Ngoại Hạng Anh','','2016-07-23 14:42:00','2016-07-23 14:42:00'),(256,'2007-12-08 00:00:00','Man Utd','Derby','4-1',1,0,0,'Ngoại Hạng Anh','','2016-07-23 14:42:24','2016-07-23 14:42:24'),(257,'2007-12-16 00:00:00','Liverpool','Man Utd','0-1',0,0,0,'Ngoại Hạng Anh','','2016-07-23 14:42:41','2016-07-23 14:42:41'),(258,'2007-12-23 00:00:00','Man Utd','Everton','2-1',2,0,0,'Ngoại Hạng Anh','','2016-07-23 14:43:01','2016-07-23 14:43:01'),(259,'2007-12-26 00:00:00','Sunderland','Man Utd','0-4',1,0,0,'Ngoại Hạng Anh','','2016-07-23 14:43:38','2016-07-23 14:43:38'),(260,'2007-12-29 00:00:00','West Ham','Man Utd','2-1',1,0,0,'Ngoại Hạng Anh','','2016-07-23 14:43:59','2016-07-23 14:43:59'),(261,'2008-01-01 00:00:00','Man Utd','Birmingham','1-0',0,0,0,'Ngoại Hạng Anh','','2016-07-23 14:44:28','2016-07-23 14:44:28'),(262,'2008-01-05 00:00:00','Aston Villa','Man Utd','0-2',1,0,0,'FA Cup','','2016-07-23 14:45:00','2016-07-23 14:45:00'),(263,'2008-01-12 00:00:00','Man Utd','Newcastle','6-0',3,0,0,'Ngoại Hạng Anh','','2016-07-23 14:45:48','2016-07-23 14:45:48'),(264,'2008-01-19 00:00:00','Reading','Man Utd','0-2',1,0,0,'Ngoại Hạng Anh','','2016-07-23 14:46:22','2016-07-23 14:46:22'),(265,'2008-01-27 00:00:00','Man Utd','Tottenham','3-1',2,0,0,'FA Cup','','2016-07-23 14:46:47','2016-07-23 14:46:47'),(266,'2008-01-30 00:00:00','Man Utd','Portsmouth','2-0',2,0,0,'Ngoại Hạng Anh','','2016-07-23 14:47:14','2016-07-23 14:47:14'),(267,'2008-02-02 00:00:00','Tottenham','Man Utd','1-1',0,1,0,'Ngoại Hạng Anh','','2016-07-23 14:47:45','2016-07-23 14:47:45'),(268,'2008-02-10 00:00:00','Man Utd','Man City','1-2',0,0,0,'Ngoại Hạng Anh','','2016-07-23 14:48:10','2016-07-23 14:48:10'),(269,'2008-02-20 00:00:00','Lyon','Man Utd','1-1',0,0,0,'Champions League','','2016-07-23 14:48:36','2016-07-23 14:48:36'),(270,'2008-02-23 00:00:00','Newcastle','Man Utd','1-5',2,0,0,'Ngoại Hạng Anh','','2016-07-23 14:49:04','2016-07-23 14:49:04'),(271,'2008-03-01 00:00:00','Fulham','Man Utd','0-3',0,0,0,'Ngoại Hạng Anh','','2016-07-23 14:49:29','2016-07-23 14:49:29'),(272,'2008-03-04 00:00:00','Man Utd','Lyon','1-0',1,0,0,'Champions League','','2016-07-23 14:49:48','2016-07-23 14:49:48'),(273,'2008-03-08 00:00:00','Man Utd','Portsmouth','0-1',0,0,0,'FA Cup','','2016-07-23 14:50:10','2016-07-23 14:50:10'),(274,'2008-03-15 00:00:00','Derby','Man Utd','0-1',1,0,0,'Ngoại Hạng Anh','','2016-07-23 14:50:32','2016-07-23 14:50:32'),(275,'2008-03-19 00:00:00','Man Utd','Bolton','2-0',2,0,0,'Ngoại Hạng Anh','','2016-07-23 14:51:02','2016-07-23 14:51:02'),(276,'2008-03-23 00:00:00','Man Utd','Liverpool','3-0',1,0,0,'Ngoại Hạng Anh','','2016-07-23 14:51:19','2016-07-23 14:51:19'),(277,'2008-03-29 00:00:00','Man Utd','Aston Villa','4-0',1,0,0,'Ngoại Hạng Anh','','2016-07-23 14:51:40','2016-07-23 14:51:40'),(278,'2008-04-01 00:00:00','Roma','Man Utd','0-2',1,0,0,'Champions League','','2016-07-23 14:52:01','2016-07-23 14:52:01'),(279,'2008-04-06 00:00:00','Middlesbro','Man Utd','2-2',1,0,0,'Ngoại Hạng Anh','','2016-07-23 14:52:30','2016-07-23 14:52:30'),(280,'2008-04-13 00:00:00','Man Utd','Arsenal','2-1',1,0,0,'Ngoại Hạng Anh','','2016-07-23 14:52:50','2016-07-23 14:52:50'),(281,'2008-04-19 00:00:00','Blackburn','Man Utd','1-1',0,0,0,'Ngoại Hạng Anh','','2016-07-23 14:53:06','2016-07-23 14:53:06'),(282,'2008-04-23 00:00:00','Barcelona','Man Utd','0-0',0,0,0,'Champions League','','2016-07-23 14:53:26','2016-07-23 14:53:26'),(283,'2008-04-26 00:00:00','Chelsea','Man Utd','2-1',0,0,0,'Ngoại Hạng Anh','','2016-07-23 14:53:42','2016-07-23 14:53:42'),(284,'2008-04-29 00:00:00','Man Utd','Barcelona','1-0',0,1,0,'Champions League','','2016-07-23 14:54:03','2016-07-23 14:54:03'),(285,'2008-05-03 00:00:00','Man Utd','West Ham','4-1',2,1,0,'Ngoại Hạng Anh','','2016-07-23 14:54:29','2016-07-23 14:54:29'),(286,'2008-05-11 00:00:00','Wigan','Man Utd','0-2',1,0,0,'Ngoại Hạng Anh','','2016-07-23 14:54:53','2016-07-23 14:54:53'),(287,'2008-05-21 00:00:00','Man Utd','Chelsea','1-1',1,0,0,'Champions League','Man Utd thắng 6-5 trên penalties','2016-07-23 14:55:37','2016-07-23 14:55:37'),(288,'2008-06-07 00:00:00','Bồ Đào Nha','Thỗ Nhĩ Kỳ','2-0',0,0,0,'Euro 2008','','2016-07-23 14:56:45','2016-07-23 14:56:45'),(289,'2008-06-11 00:00:00','Bồ Đào Nha','Cộng Hòa Séc','3-1',1,0,0,'Euro 2008','','2016-07-23 14:57:11','2016-07-23 14:57:11'),(290,'2008-06-19 00:00:00','Bồ Đào Nha','Đức','2-3',0,0,0,'Euro 2008','','2016-07-23 14:57:35','2016-07-23 14:57:35'),(291,'2008-09-17 00:00:00','Man Utd','Villarreal','0-0',0,0,0,'Champions League','','2016-07-23 14:59:02','2016-07-23 14:59:02'),(292,'2008-09-21 00:00:00','Chelsea','Man Utd','1-1',0,1,0,'Ngoại Hạng Anh','','2016-07-23 14:59:50','2016-07-23 14:59:50'),(293,'2008-09-23 00:00:00','Man Utd','Middlesbro','3-1',1,0,0,'Carling Cup','','2016-07-23 15:00:12','2016-07-23 15:00:12'),(294,'2008-09-27 00:00:00','Man Utd','Bolton','2-0',1,0,0,'Ngoại Hạng Anh','','2016-07-23 15:00:28','2016-07-23 15:00:28'),(295,'2008-09-30 00:00:00','Aalborg','Man Utd','0-3',0,0,0,'Champions League','','2016-07-23 15:00:49','2016-07-23 15:00:49'),(296,'2008-10-04 00:00:00','Blackburn','Man Utd','0-2',0,0,0,'Ngoại Hạng Anh','','2016-07-23 15:01:26','2016-07-23 15:01:26'),(297,'2008-10-11 00:00:00','Thụy Điển','Bồ Đào Nha','0-0',0,0,0,'Vòng loại WC ','','2016-07-23 15:01:54','2016-07-23 15:01:54'),(298,'2008-10-15 00:00:00','Bồ Đào Nha','Albania','0-0',0,0,0,'Vòng loại WC ','','2016-07-23 15:02:14','2016-07-23 15:02:14'),(299,'2008-10-18 00:00:00','Man Utd','West Brom','3-0',1,0,0,'Ngoại Hạng Anh','','2016-07-23 15:02:35','2016-07-23 15:02:35'),(300,'2008-10-21 00:00:00','Man Utd','Celtic','3-0',0,0,0,'Champions League','','2016-07-23 15:02:53','2016-07-23 15:02:53'),(301,'2008-10-25 00:00:00','Everton','Man Utd','1-1',0,0,0,'Ngoại Hạng Anh','','2016-07-23 15:03:11','2016-07-23 15:03:11'),(302,'2008-10-29 00:00:00','Man Utd','West Ham','2-0',2,0,0,'Ngoại Hạng Anh','','2016-07-23 15:03:31','2016-07-23 15:03:31'),(303,'2008-11-01 00:00:00','Man Utd','Hull','4-3',2,0,0,'Ngoại Hạng Anh','','2016-07-23 15:03:51','2016-07-23 15:03:51'),(304,'2008-11-05 00:00:00','Celtic','Man Utd','1-1',0,0,0,'Champions League','','2016-07-23 15:04:48','2016-07-23 15:04:48'),(305,'2008-11-08 00:00:00','Arsenal','Man Utd','2-1',0,0,0,'Ngoại Hạng Anh','','2016-07-23 15:05:21','2016-07-23 15:05:21'),(306,'2008-11-15 00:00:00','Man Utd','Stoke','5-0',2,0,0,'Ngoại Hạng Anh','','2016-07-23 15:05:43','2016-07-23 15:05:43'),(307,'2008-11-22 00:00:00','Aston Villa','Man Utd','0-0',0,0,0,'Ngoại Hạng Anh','','2016-07-23 15:06:00','2016-07-23 15:06:00'),(308,'2008-11-25 00:00:00','Villarreal','Man Utd','0-0',0,1,0,'Champions League','','2016-07-23 15:06:16','2016-07-23 15:06:16'),(309,'2008-11-30 00:00:00','Man City','Man Utd','0-1',0,1,1,'Ngoại Hạng Anh','','2016-07-23 15:06:38','2016-07-23 15:06:38'),(310,'2008-12-06 00:00:00','Man Utd','Sunderland','1-0',0,0,0,'Ngoại Hạng Anh','','2016-07-23 15:06:58','2016-07-23 15:06:58'),(311,'2008-12-13 00:00:00','Tottenham','Man Utd','0-0',0,0,0,'Ngoại Hạng Anh','','2016-07-23 15:07:18','2016-07-23 15:07:18'),(312,'2008-12-26 00:00:00','Stoke','Man Utd','0-1',0,0,0,'Ngoại Hạng Anh','','2016-07-23 15:07:35','2016-07-23 15:07:35'),(313,'2008-12-29 00:00:00','Man Utd','Middlesbro','1-0',0,0,0,'Ngoại Hạng Anh','','2016-07-23 15:07:53','2016-07-23 15:07:53'),(314,'2009-01-07 00:00:00','Derby','Man Utd','1-0',0,0,0,'Carling Cup','','2016-07-23 15:08:14','2016-07-23 15:08:14'),(315,'2009-01-11 00:00:00','Man Utd','Chelsea','3-0',0,1,0,'Ngoại Hạng Anh','','2016-07-23 15:08:33','2016-07-23 15:08:33'),(316,'2009-01-14 00:00:00','Man Utd','Wigan','1-0',0,0,0,'Ngoại Hạng Anh','','2016-07-23 15:08:53','2016-07-23 15:08:53'),(317,'2009-01-17 00:00:00','Bolton','Man Utd','0-1',0,0,0,'Ngoại Hạng Anh','','2016-07-23 15:09:11','2016-07-23 15:09:11'),(318,'2009-01-20 00:00:00','Man Utd','Derby','4-2',1,0,0,'Carling Cup','','2016-07-23 15:09:36','2016-07-23 15:09:36'),(319,'2009-01-24 00:00:00','Man Utd','Tottenham','2-1',0,0,0,'FA Cup','','2016-07-23 15:10:03','2016-07-23 15:10:03'),(320,'2009-01-27 00:00:00','West Brom','Man Utd','0-5',2,0,0,'Ngoại Hạng Anh','','2016-07-23 15:10:27','2016-07-23 15:10:27'),(321,'2009-01-31 00:00:00','Man Utd','Everton','1-0',1,0,0,'Ngoại Hạng Anh','','2016-07-23 15:10:46','2016-07-23 15:10:46'),(322,'2009-02-08 00:00:00','West Ham','Man Utd','0-1',0,0,0,'Ngoại Hạng Anh','','2016-07-23 15:11:09','2016-07-23 15:11:09'),(323,'2009-02-15 00:00:00','Derby','Man Utd','1-4',1,0,0,'FA Cup','','2016-07-23 15:11:54','2016-07-23 15:11:54'),(324,'2009-02-18 00:00:00','Man Utd','Fullham','3-0',0,0,0,'Ngoại Hạng Anh','','2016-07-23 15:12:14','2016-07-23 15:12:14'),(325,'2009-02-21 00:00:00','Man Utd','Blackburn','2-1',1,1,0,'Ngoại Hạng Anh','','2016-07-23 15:12:41','2016-07-23 15:12:41'),(326,'2009-02-24 00:00:00','Inter','Man Utd','0-0',0,0,0,'Champions League','','2016-07-23 15:13:01','2016-07-23 15:13:01'),(327,'2009-03-01 00:00:00','Man Utd','Tottenham','0-0',0,1,0,'Carling Cup','Man Utd thắng 4-1 trên penalties','2016-07-23 15:13:47','2016-07-23 15:13:47'),(328,'2009-03-04 00:00:00','Newcastle','Man Utd','1-2',0,0,0,'Ngoại Hạng Anh','','2016-07-23 15:14:16','2016-07-23 15:14:16'),(329,'2009-03-11 00:00:00','Man Utd','Inter','2-0',1,0,0,'Champions League','','2016-07-23 15:14:32','2016-07-23 15:14:32'),(330,'2009-03-14 00:00:00','Man Utd','Liverpool','1-4',1,0,0,'Ngoại Hạng Anh','','2016-07-23 15:14:53','2016-07-23 15:14:53'),(331,'2009-03-21 00:00:00','Fulham','Man Utd','2-0',0,1,0,'Ngoại Hạng Anh','','2016-07-23 15:15:30','2016-07-23 15:15:30'),(332,'2009-03-28 00:00:00','Bồ Đào Nha','Thụy Điển','0-0',0,0,0,'Vòng loại WC ','','2016-07-23 15:15:54','2016-07-23 15:15:54'),(333,'2009-04-05 00:00:00','Man Utd','Aston Villa','3-2',2,0,0,'Ngoại Hạng Anh','','2016-07-23 15:16:12','2016-07-23 15:16:12'),(334,'2009-04-07 00:00:00','Man Utd','Porto','2-2',0,0,0,'Champions League','','2016-07-23 15:16:30','2016-07-23 15:16:30'),(335,'2009-04-11 00:00:00','Sunderland','Man Utd','1-2',0,0,0,'Ngoại Hạng Anh','','2016-07-23 15:16:47','2016-07-23 15:16:47'),(336,'2009-04-15 00:00:00','Porto','Man Utd','0-1',1,0,0,'Champions League','','2016-07-23 15:17:05','2016-07-23 15:17:05'),(337,'2009-04-22 00:00:00','Man Utd','Portsmouth','2-0',0,0,0,'Ngoại Hạng Anh','','2016-07-23 15:17:24','2016-07-23 15:17:24'),(338,'2009-04-25 00:00:00','Man Utd','Tottenham','5-2',2,1,0,'Ngoại Hạng Anh','','2016-07-23 15:17:48','2016-07-23 15:17:48'),(339,'2009-04-29 00:00:00','Man Utd','Arsenal','1-0',0,0,0,'Champions League','','2016-07-23 15:18:20','2016-07-23 15:18:20'),(340,'2009-05-05 00:00:00','Arsenal','Man Utd','1-3',2,0,0,'Champions League','','2016-07-23 15:18:40','2016-07-23 15:18:40'),(341,'2009-05-10 00:00:00','Man Utd','Man City','2-0',1,0,0,'Ngoại Hạng Anh','','2016-07-23 15:19:01','2016-07-23 15:19:01'),(342,'2009-05-13 00:00:00','Wigan','Man Utd','1-2',0,0,0,'Ngoại Hạng Anh','','2016-07-23 15:19:28','2016-07-23 15:19:28'),(343,'2009-05-16 00:00:00','Man Utd','Arsenal','0-0',0,0,0,'Ngoại Hạng Anh','','2016-07-23 15:19:53','2016-07-23 15:19:53'),(344,'2009-05-27 00:00:00','Man Utd','Barcelona','0-2',0,1,0,'Champions League','','2016-07-23 15:20:18','2016-07-23 15:20:18'),(345,'2009-06-06 00:00:00','Albania','Bồ Đào Nha','1-2',0,0,0,'Vòng loại WC ','','2016-07-23 15:20:41','2016-07-23 15:20:41'),(346,'2009-08-29 00:00:00','Real Madrid','Deportivo','3-2',1,0,0,'La','','2016-07-23 15:22:55','2016-07-23 15:22:55'),(347,'2009-09-05 00:00:00','Đan Mạch','Bồ Đào Nha','1-1',0,0,0,'Vòng loại WC ','','2016-07-23 15:23:24','2016-07-23 15:23:24'),(348,'2009-09-09 00:00:00','Hungary','Bồ Đào Nha','0-1',0,0,0,'Vòng loại WC ','','2016-07-23 15:23:50','2016-07-23 15:23:50'),(349,'2009-09-12 00:00:00','Espanyol','Real Madrid','0-3',1,0,0,'La Liga','','2016-07-23 15:24:37','2016-07-23 15:24:37'),(350,'2009-09-15 00:00:00','FC Zurich','Real Madrid','2-5',2,0,0,'Champions League','','2016-07-23 15:25:06','2016-07-23 15:25:06'),(351,'2009-09-30 00:00:00','Real Madrid','Marseille','3-0',2,0,0,'Champions League','','2016-07-23 15:25:37','2016-07-23 15:25:37'),(352,'2009-10-10 00:00:00','Bồ Đào Nha','Hungary','3-0',0,0,0,'Vòng loại WC ','','2016-07-23 15:26:04','2016-07-23 15:26:04'),(353,'2009-11-25 00:00:00','Real Madrid','FC Zurich','1-0',0,0,0,'Champions League','','2016-07-23 15:26:36','2016-07-23 15:26:36'),(354,'2009-12-08 00:00:00','Marseille','Real Madrid','1-3',2,0,0,'Champions League','','2016-07-23 15:27:01','2016-07-23 15:27:01'),(355,'2010-02-13 00:00:00','Xerez','Real Madrid','0-3',2,0,0,'La Liga','','2016-07-23 15:27:34','2016-07-23 15:27:34'),(356,'2010-02-16 00:00:00','Lyon','Real Madrid','1-0',0,0,0,'Champions League','','2016-07-23 15:27:58','2016-07-23 15:27:58'),(357,'2010-03-10 00:00:00','Real Madrid','Lyon','1-1',1,0,0,'Champions League','','2016-07-23 15:28:18','2016-07-23 15:28:18'),(358,'2010-04-04 00:00:00','Racing','Real Madrid','0-2',1,0,0,'La Liga','','2016-07-23 15:28:46','2016-07-23 15:28:46'),(359,'2010-04-10 00:00:00','Real Madrid','Barcelona','0-2',0,1,0,'La Liga','','2016-07-23 15:29:11','2016-07-23 15:29:11'),(360,'2010-04-15 00:00:00','Almeria','Real Madrid','1-2',1,0,0,'La Liga','','2016-07-23 15:29:39','2016-07-23 15:29:39'),(361,'2010-04-18 00:00:00','Real Madrid','Valencia','2-0',1,1,0,'La Liga','','2016-07-23 15:30:07','2016-07-23 15:30:07'),(362,'2010-04-24 00:00:00','Zaragoza','Real Madrid','1-2',0,0,0,'La Liga','','2016-07-23 15:30:35','2016-07-23 15:30:35'),(363,'2010-05-02 00:00:00','Real Madrid','Osasuna','3-2',2,0,0,'La Liga','','2016-07-23 15:31:04','2016-07-23 15:31:04'),(364,'2010-05-05 00:00:00','Mallorca','Real Madrid','1-4',3,0,0,'La Liga','','2016-07-23 15:31:29','2016-07-23 15:31:29'),(365,'2010-05-08 00:00:00','Real Madrid','Ath Bilbao','5-1',1,0,0,'La Liga','','2016-07-23 15:31:57','2016-07-23 15:31:57'),(366,'2010-05-16 00:00:00','Malaga','Real Madrid','1-1',0,1,0,'La Liga','','2016-07-23 15:32:18','2016-07-23 15:32:18'),(367,'2010-05-24 00:00:00','Bồ Đào Nha','Cape Verde Is','0-0',0,1,0,'Giao hữu đội tuyển','','2016-07-23 15:32:51','2016-07-23 15:32:51'),(368,'2010-06-15 00:00:00','Bồ Đào Nha','Bờ Biển Ngà','0-0',0,1,0,'World Cup 2010','','2016-07-23 15:33:28','2016-07-23 15:33:28'),(369,'2010-06-21 00:00:00','Bồ Đào Nha','Triều Tiên','7-0',1,0,0,'World Cup 2010','','2016-07-23 15:33:57','2016-07-23 15:33:57'),(370,'2010-06-25 00:00:00','Bồ Đào Nha','Braxin','0-0',0,0,0,'World Cup 2010','','2016-07-23 15:34:19','2016-07-23 15:34:19'),(371,'2010-06-29 00:00:00','Bồ Đào Nha','Tây Ban Nha','0-1',0,0,0,'World Cup 2010','','2016-07-23 15:34:41','2016-07-23 15:34:41'),(372,'2010-08-29 00:00:00','Mallorca','Real Madrid','0-0',0,1,0,'La Liga','','2016-07-23 15:38:28','2016-07-23 15:38:28'),(373,'2010-09-11 00:00:00','Real Madrid','Osasuna','1-0',0,1,0,'La Liga','','2016-07-23 15:38:53','2016-07-23 15:38:53'),(374,'2010-09-15 00:00:00','Real Madrid','Ajax','2-0',0,0,0,'Champions League','','2016-07-23 15:42:15','2016-07-23 15:42:15'),(375,'2010-09-18 00:00:00','Sociedad','Real Madrid','1-2',0,0,0,'La Liga','','2016-07-23 15:42:32','2016-07-23 15:42:32'),(376,'2010-09-21 00:00:00','Real Madrid','Espanyol','3-0',1,0,0,'La Liga','','2016-07-23 15:43:03','2016-07-23 15:43:03'),(377,'2010-09-25 00:00:00','Levante','Real Madrid','0-0',0,0,0,'La Liga','','2016-07-23 15:43:22','2016-07-23 15:43:22'),(378,'2010-09-28 00:00:00','Auxerre','Real Madrid','0-1',0,1,0,'Champions League','','2016-07-23 15:43:43','2016-07-23 15:43:43'),(379,'2010-10-03 00:00:00','Real Madrid','Deportivo','6-1',2,0,0,'La Liga','','2016-07-23 15:44:10','2016-07-23 15:44:10'),(380,'2010-10-08 00:00:00','Bồ Đào Nha','Đan Mạch','3-1',1,0,0,'Vòng loại Euro','','2016-07-23 15:44:48','2016-07-23 15:44:48'),(381,'2010-10-12 00:00:00','Iceland','Bồ Đào Nha','103',1,0,0,'Vòng loại Euro','','2016-07-23 15:45:14','2016-07-23 15:45:14'),(382,'2010-10-16 00:00:00','Malaga','Real Madrid','1-4',2,0,0,'La Liga','','2016-07-23 15:45:48','2016-07-23 15:45:48'),(383,'2010-10-19 00:00:00','Real Madrid','Milan','2-0',1,0,0,'Champions League','','2016-07-23 15:46:16','2016-07-23 15:46:16'),(384,'2010-10-23 00:00:00','Real Madrid','Racing','6-1',4,0,0,'La Liga','','2016-07-23 15:47:11','2016-07-23 15:47:11'),(385,'2010-10-30 00:00:00','Hercules','Real Madrid','1-3',2,0,0,'La Liga','','2016-07-23 15:47:36','2016-07-23 15:47:36'),(386,'2010-11-03 00:00:00','Milan','Real Madrid','2-2',0,0,0,'Champions League','','2016-07-23 15:47:54','2016-07-23 15:47:54'),(387,'2010-11-07 00:00:00','Real Madrid','Atl Madrid','2-0',0,0,0,'La Liga','','2016-07-23 15:48:30','2016-07-23 15:48:30'),(388,'2010-11-14 00:00:00','Sp. Gijon','Real Madrid','0-1',0,0,0,'La Liga','','2016-07-23 15:49:02','2016-07-23 15:49:02'),(389,'2010-11-20 00:00:00','Real Madrid','Ath Bilbao','5-1',3,0,0,'La Liga','','2016-07-23 15:49:35','2016-07-23 15:49:35'),(390,'2010-11-23 00:00:00','Ajax','Real Madrid','0-4',2,1,0,'Champions League','','2016-07-23 15:49:57','2016-07-23 15:49:57'),(391,'2010-11-29 00:00:00','Barcelona','Real Madrid','5-0',0,1,0,'La Liga','','2016-07-23 15:50:14','2016-07-23 15:50:14'),(392,'2010-12-04 00:00:00','Real Madrid','Valencia','2-0',2,0,0,'La Liga','','2016-07-23 15:50:32','2016-07-23 15:50:32'),(393,'2010-12-08 00:00:00','Real Madrid','Auxerre','4-0',1,0,0,'Champions League','','2016-07-23 15:50:54','2016-07-23 15:50:54'),(394,'2010-12-12 00:00:00','Zaragoza','Real Madrid','1-3',1,0,0,'La Liga','','2016-07-23 15:51:13','2016-07-23 15:51:13'),(395,'2010-12-19 00:00:00','Real Madrid','Seville','1-0',0,0,0,'La Liga','','2016-07-23 15:51:50','2016-07-23 15:51:50'),(396,'2011-01-03 00:00:00','Getafe','Real Madrid','2-3',2,0,0,'La Liga','','2016-07-23 15:52:18','2016-07-23 15:52:18'),(397,'2011-01-09 00:00:00','Real Madrid','Villarreal','4-2',3,0,0,'La Liga','','2016-07-23 15:52:38','2016-07-23 15:52:38'),(398,'2011-01-16 00:00:00','Almeria','Real Madrid','1-1',0,0,0,'La Liga','','2016-07-23 15:53:09','2016-07-23 15:53:09'),(399,'2011-01-23 00:00:00','Real Madrid','Mallorca','1-0',0,0,0,'La Liga','','2016-07-23 15:53:34','2016-07-23 15:53:34'),(400,'2011-01-30 00:00:00','Osasuna','Real Madrid','1-0',0,0,0,'La Liga','','2016-07-23 15:53:52','2016-07-23 15:53:52'),(401,'2011-02-06 00:00:00','Real Madrid','Sociedad','4-1',2,0,0,'La Liga','','2016-07-23 15:54:21','2016-07-23 15:54:21'),(402,'2011-02-09 00:00:00','Argentina','Bồ Đào Nha','2-1',1,0,0,'Giao hữu đội tuyển','','2016-07-23 15:54:50','2016-07-23 15:54:50'),(403,'2011-02-13 00:00:00','Espanyol','Real Madrid','0-1',0,0,0,'La Liga','','2016-07-23 15:55:30','2016-07-23 15:55:30'),(404,'2011-02-19 00:00:00','Real Madrid','Levante','2-0',0,0,0,'La Liga','','2016-07-23 15:55:46','2016-07-23 15:55:46'),(405,'2011-02-22 00:00:00','Lyon','Real Madrid','1-1',0,0,0,'Champions League','','2016-07-23 15:56:04','2016-07-23 15:56:04'),(406,'2011-02-26 00:00:00','Deportivo','Real Madrid','0-0',0,0,0,'La Liga','','2016-07-23 15:56:32','2016-07-23 15:56:32'),(407,'2011-03-03 00:00:00','Real Madrid','Malaga','7-0',3,0,0,'La Liga','','2016-07-23 15:56:54','2016-07-23 15:56:54'),(408,'2011-03-16 00:00:00','Real Madrid','Lyon','3-0',0,0,0,'Champions League','','2016-07-23 15:58:16','2016-07-23 15:58:16'),(409,'2011-03-19 00:00:00','Atl Madrid','Real Madrid','1-2',0,0,0,'La Liga','','2016-07-23 15:58:36','2016-07-23 15:58:36'),(410,'2011-04-05 00:00:00','Real Madrid','Tottenham','4-0',1,0,0,'Champions League','','2016-07-23 15:59:01','2016-07-23 15:59:01'),(411,'2011-04-09 00:00:00','Ath Bilbao','Real Madrid','0-3',1,0,0,'La Liga','','2016-07-23 16:00:27','2016-07-23 16:00:27'),(412,'2011-04-13 00:00:00','Tottenham','Real Madrid','0-1',1,0,0,'Champions League','','2016-07-23 16:00:40','2016-07-23 16:00:40'),(413,'2011-04-16 00:00:00','Real Madrid','Barcelona','1-1',1,0,0,'La Liga','','2016-07-23 16:01:10','2016-07-23 16:01:10'),(414,'2011-04-20 00:00:00','Real Madrid','Barcelona','1-0',1,0,0,'Copa Del Rey','','2016-07-23 16:02:01','2016-07-23 16:02:01'),(415,'2011-04-23 00:00:00','Valencia','Real Madrid','3-6',0,0,0,'La Liga','','2016-07-23 16:02:23','2016-07-23 16:02:23'),(416,'2011-04-27 00:00:00','Real Madrid','Barcelona','0-2',0,0,0,'Champions League','','2016-07-23 16:02:44','2016-07-23 16:02:44'),(417,'2011-05-03 00:00:00','Barcelona','Real Madrid','1-1',0,0,0,'Champions League','','2016-07-23 16:03:01','2016-07-23 16:03:01'),(418,'2011-05-07 00:00:00','Seville','Real Madrid','2-6',4,0,0,'La Liga','','2016-07-23 16:03:31','2016-07-23 16:03:31'),(419,'2011-05-10 00:00:00','Real Madrid','Getafe','4-0',3,0,0,'La Liga','','2016-07-23 16:03:55','2016-07-23 16:03:55'),(420,'2011-05-15 00:00:00','Villarreal','Real Madrid','1-3',2,0,0,'La Liga','','2016-07-23 16:04:19','2016-07-23 16:04:19'),(421,'2011-05-21 00:00:00','Real Madrid','Almeria','8-1',2,0,0,'La Liga','','2016-07-23 16:04:41','2016-07-23 16:04:41'),(422,'2011-06-04 00:00:00','Bồ Đào Nha','Na Uy','1-0',0,0,0,'Vòng loại Euro','','2016-07-23 16:05:06','2016-07-23 16:05:06'),(423,'2011-08-14 00:00:00','Real Madrid','Barcelona','2-2',0,0,0,'Siêu cúp Tây Ban Nha','','2016-07-23 20:52:41','2016-07-23 20:52:41'),(424,'2011-08-17 00:00:00','Barcelona','Real Madrid','3-2',1,1,0,'Siêu cúp Tây Ban Nha','','2016-07-23 20:53:10','2016-07-23 20:53:10'),(425,'2011-08-28 00:00:00','Zaragoza','Real Madrid','0-6',3,0,0,'La Liga','','2016-07-23 20:53:36','2016-07-23 20:53:36'),(426,'2011-09-02 00:00:00','Đảo Síp','Bồ Đào Nha','0-4',2,1,0,'Vòng loại Euro','','2016-07-23 20:54:25','2016-07-23 20:54:25'),(427,'2011-09-10 00:00:00','Real Madrid','Getafe','4-2',1,1,0,'La Liga','','2016-07-23 20:54:48','2016-07-23 20:54:48'),(428,'2011-09-14 00:00:00','Din Zagreb','Real Madrid','0-1',0,0,0,'Champions League','','2016-07-23 20:55:15','2016-07-23 20:55:15'),(429,'2011-09-18 00:00:00','Levante','Real Madrid','1-0',0,0,0,'La Liga','','2016-07-23 20:55:31','2016-07-23 20:55:31'),(430,'2011-09-21 00:00:00','Racing','Real Madrid','0-0',0,0,0,'La Liga','','2016-07-23 20:55:49','2016-07-23 20:55:49'),(431,'2011-09-24 00:00:00','Real Madrid','R. Vallecano','6-2',3,0,0,'La Liga','','2016-07-23 20:56:18','2016-07-23 20:56:18'),(432,'2011-09-27 00:00:00','Real Madrid','Ajax','3-0',1,0,0,'Champions League','','2016-07-23 20:56:41','2016-07-23 20:56:41'),(433,'2011-10-02 00:00:00','Espanyol','Real Madrid','0-4',0,0,0,'La Liga','','2016-07-23 20:57:01','2016-07-23 20:57:01'),(434,'2011-10-07 00:00:00','Bồ Đào Nha','Iceland','5-3',0,0,0,'Vòng loại Euro','','2016-07-23 20:57:32','2016-07-23 20:57:32'),(435,'2011-10-11 00:00:00','Đan Mạch','Bồ Đào Nha','2-1',1,0,0,'Vòng loại Euro','','2016-07-23 20:57:54','2016-07-23 20:57:54'),(436,'2011-10-15 00:00:00','Real Madrid','Real Betis','4-1',0,0,0,'La Liga','','2016-07-23 20:58:22','2016-07-23 20:58:22'),(437,'2011-10-18 00:00:00','Real Madrid','Lyon','4-0',0,1,0,'Champions League','','2016-07-23 20:58:42','2016-07-23 20:58:42'),(438,'2011-10-22 00:00:00','Malaga','Real Madrid','0-4',3,0,0,'La Liga','','2016-07-23 20:59:05','2016-07-23 20:59:05'),(439,'2011-10-26 00:00:00','Real Madrid','Villarreal','3-0',0,0,0,'La Liga','','2016-07-23 20:59:28','2016-07-23 20:59:28'),(440,'2011-10-29 00:00:00','Sociedad','Real Madrid','0-1',0,0,0,'La Liga','','2016-07-23 20:59:52','2016-07-23 20:59:52'),(441,'2011-11-02 00:00:00','Lyon','Real Madrid','0-2',2,0,0,'Champions League','','2016-07-23 21:00:18','2016-07-23 21:00:18'),(442,'2011-11-06 00:00:00','Real Madrid','Osasuna','7-1',3,0,0,'La Liga','','2016-07-23 21:00:45','2016-07-23 21:00:45'),(443,'2011-11-11 00:00:00','Bosnia-Hz.','Bồ Đào Nha','0-0',0,0,0,'Vòng loại Euro','','2016-07-23 21:01:08','2016-07-23 21:01:08'),(444,'2011-11-15 00:00:00','Bồ Đào Nha','Bosnia-Hz.','6-2',2,0,0,'Vòng loại Euro','','2016-07-23 21:01:42','2016-07-23 21:01:42'),(445,'2011-11-19 00:00:00','Valencia','Real Madrid','2-3',1,1,0,'La Liga','','2016-07-23 21:02:06','2016-07-23 21:02:06'),(446,'2011-11-26 00:00:00','Real Madrid','Atl Madrid','4-1',2,0,0,'La Liga','','2016-07-23 21:02:55','2016-07-23 21:02:55'),(447,'2011-12-03 00:00:00','Sp. Gijon','Real Madrid','0-3',1,0,0,'La Liga','','2016-07-23 21:03:25','2016-07-23 21:03:25'),(448,'2011-12-10 00:00:00','Real Madrid','Barcelona','1-3',0,0,0,'La Liga','','2016-07-23 21:03:48','2016-07-23 21:03:48'),(449,'2011-12-17 00:00:00','Seville','Real Madrid','2-6',3,0,0,'La Liga','','2016-07-23 21:04:10','2016-07-23 21:04:10'),(450,'2012-01-07 00:00:00','Real Madrid','Granada','5-1',1,0,0,'La Liga','','2016-07-23 21:04:35','2016-07-23 21:04:35'),(451,'2012-01-14 00:00:00','Mallorca','Real Madrid','1-2',0,0,0,'La Liga','','2016-07-23 21:04:58','2016-07-23 21:04:58'),(452,'2012-01-18 00:00:00','Real Madrid','Barcelona','1-2',1,0,0,'Copa Del Rey','','2016-07-23 21:05:20','2016-07-23 21:05:20'),(453,'2012-01-22 00:00:00','Real Madrid','Ath Bilbao','4-1',2,1,0,'La Liga','','2016-07-23 21:05:48','2016-07-23 21:05:48'),(454,'2012-01-28 00:00:00','Real Madrid','Zaragoza','3-1',1,1,0,'La Liga','','2016-07-23 21:06:26','2016-07-23 21:06:26'),(455,'2012-02-04 00:00:00','Getafe','Real Madrid','0-1',0,0,0,'La Liga','','2016-07-23 21:06:47','2016-07-23 21:06:47'),(456,'2012-02-12 00:00:00','Real Madrid','Levante','4-2',3,0,0,'La Liga','','2016-07-23 21:07:11','2016-07-23 21:07:11'),(457,'2012-02-18 00:00:00','Real Madrid','Racing','4-0',1,0,0,'La Liga','','2016-07-23 21:07:32','2016-07-23 21:07:32'),(458,'2012-02-21 00:00:00','CSKA Mosc.','Real Madrid','1-1',1,0,0,'Champions League','','2016-07-23 21:08:04','2016-07-23 21:08:04'),(459,'2012-02-26 00:00:00','R. Vallecano','Real Madrid','0-1',1,0,0,'La Liga','','2016-07-23 21:08:52','2016-07-23 21:08:52'),(460,'2012-03-04 00:00:00','Real Madrid','Espanyol','5-0',1,0,0,'La Liga','','2016-07-23 21:09:14','2016-07-23 21:09:14'),(461,'2012-03-10 00:00:00','Real Betis','Real Madrid','2-3',2,0,0,'La Liga','','2016-07-23 21:09:39','2016-07-23 21:09:39'),(462,'2012-03-14 00:00:00','Real Madrid','CSKA Mosc.','4-1',2,0,0,'Champions League','','2016-07-23 21:10:02','2016-07-23 21:10:02'),(463,'2012-03-18 00:00:00','Real Madrid','Malaga','1-1',0,0,0,'La Liga','','2016-07-23 21:10:35','2016-07-23 21:10:35'),(464,'2012-03-21 00:00:00','Villarreal','Real Madrid','1-1',1,0,0,'La Liga','','2016-07-23 21:10:51','2016-07-23 21:10:51'),(465,'2012-03-24 00:00:00','Real Madrid','Sociedad','5-1',2,0,0,'La Liga','','2016-07-23 21:11:24','2016-07-23 21:11:24'),(466,'2012-03-27 00:00:00','Apoel Nicosia','Real Madrid','0-3',0,0,0,'Champions League','','2016-07-23 21:11:47','2016-07-23 21:11:47'),(467,'2012-03-31 00:00:00','Osasuna','Real Madrid','1-5',2,0,0,'La Liga','','2016-07-23 21:12:14','2016-07-23 21:12:14'),(468,'2012-04-04 00:00:00','Real Madrid','Apoel Nicosia','5-2',2,0,0,'Champions League','','2016-07-23 21:12:38','2016-07-23 21:12:38'),(469,'2012-04-08 00:00:00','Real Madrid','Valencia','0-0',0,0,0,'La Liga','','2016-07-23 21:12:59','2016-07-23 21:12:59'),(470,'2012-04-11 00:00:00','Atl Madrid','Real Madrid','1-4',3,0,0,'La Liga','','2016-07-23 21:13:32','2016-07-23 21:13:32'),(471,'2012-04-14 00:00:00','Real Madrid','Sp. Gijon','3-1',1,0,0,'La Liga','','2016-07-23 21:14:02','2016-07-23 21:14:02'),(472,'2012-04-17 00:00:00','Bayern Munich','Real Madrid','2-1',0,0,0,'Champions League','','2016-07-23 21:14:34','2016-07-23 21:14:34'),(473,'2012-04-21 00:00:00','Barcelona','Real Madrid','1-2',1,0,0,'La Liga','','2016-07-23 21:14:54','2016-07-23 21:14:54'),(474,'2012-04-25 00:00:00','Real Madrid','Bayern Munich','2-1',2,0,0,'Champions League','Bayern Munich thắng 3-1 trên penalties','2016-07-23 21:16:37','2016-07-23 21:16:37'),(475,'2012-04-29 00:00:00','Real Madrid','Seville','3-0',1,0,0,'La Liga','','2016-07-23 21:17:02','2016-07-23 21:17:02'),(476,'2012-05-02 00:00:00','Ath Bilbao','Real Madrid','0-3',1,0,0,'La Liga','','2016-07-23 21:17:26','2016-07-23 21:17:26'),(477,'2012-05-05 00:00:00','Granada','Real Madrid','1-2',1,0,0,'La Liga','','2016-07-23 21:17:46','2016-07-23 21:17:46'),(478,'2012-05-13 00:00:00','Real Madrid','Mallorca','4-1',1,0,0,'La Liga','','2016-07-23 21:18:24','2016-07-23 21:18:24'),(479,'2012-06-09 00:00:00','Bồ Đào Nha','Đức','0-1',0,0,0,'Euro 2012','','2016-07-23 21:18:50','2016-07-23 21:18:50'),(480,'2012-06-13 00:00:00','Bồ Đào Nha','Đan Mạch','3-2',0,1,0,'Euro 2012','','2016-07-23 21:19:17','2016-07-23 21:19:17'),(481,'2012-06-17 00:00:00','Bồ Đào Nha','Hà Lan','2-1',2,0,0,'Euro 2012','','2016-07-23 21:19:37','2016-07-23 21:19:37'),(482,'2012-06-21 00:00:00','Bồ Đào Nha','Cộng Hòa Séc','1',1,0,0,'Euro 2012','','2016-07-23 21:19:59','2016-07-23 21:19:59'),(483,'2012-06-27 00:00:00','Bồ Đào Nha','Tây Ban Nha','0-0',0,0,0,'Euro 2012','Tây Ban Nha thắng 4-2 trên penalties','2016-07-23 21:20:34','2016-07-23 21:20:34'),(484,'2012-08-19 00:00:00','Real Madrid','Valencia','1-1',0,0,0,'La Liga','','2016-07-23 21:22:21','2016-07-23 21:22:21'),(485,'2012-08-23 00:00:00','Barcelona','Real Madrid','3-2',1,0,0,'Siêu cúp Tây Ban Nha','','2016-07-23 21:22:53','2016-07-23 21:22:53'),(486,'2012-08-26 00:00:00','Getafe','Real Madrid','2-1',0,0,0,'La Liga','','2016-07-23 21:23:15','2016-07-23 21:23:15'),(487,'2012-08-29 00:00:00','Real Madrid','Barcelona','2-1',1,0,0,'Siêu cúp Tây Ban Nha','','2016-07-23 21:23:36','2016-07-23 21:23:36'),(488,'2012-09-02 00:00:00','Real Madrid','Granada','3-0',2,0,0,'La Liga','','2016-07-23 21:24:01','2016-07-23 21:24:01'),(489,'2012-09-07 00:00:00','Luxembourg','Bồ Đào Nha','1-2',1,0,0,'Vòng loại WC ','','2016-07-23 21:24:40','2016-07-23 21:24:40'),(490,'2012-09-11 00:00:00','Bồ Đào Nha','Azerbaijan','3-0',0,1,0,'Vòng loại WC ','','2016-07-23 21:25:06','2016-07-23 21:25:06'),(491,'2012-09-15 00:00:00','Seville','Real Madrid','1-0',0,0,0,'La Liga','','2016-07-23 21:25:33','2016-07-23 21:25:33'),(492,'2012-09-18 00:00:00','Real Madrid','Man City','3-2',1,0,0,'Champions League','','2016-07-23 21:25:56','2016-07-23 21:25:56'),(493,'2012-09-24 00:00:00','R. Vallecano','Real Madrid','0-2',1,0,0,'La Liga','','2016-07-23 21:26:22','2016-07-23 21:26:22'),(494,'2012-09-30 00:00:00','Real Madrid','Deportivo','5-1',3,0,0,'La Liga','','2016-07-23 21:26:44','2016-07-23 21:26:44'),(495,'2012-10-03 00:00:00','Ajax','Real Madrid','1-4',3,0,0,'Champions League','','2016-07-23 21:27:13','2016-07-23 21:27:13'),(496,'2012-10-07 00:00:00','Barcelona','Real Madrid','2-2',2,0,0,'La Liga','','2016-07-23 21:27:33','2016-07-23 21:27:33'),(497,'2012-10-12 00:00:00','Nga','Bồ Đào Nha','1-0',0,0,0,'Vòng loại WC ','','2016-07-23 21:27:54','2016-07-23 21:27:54'),(498,'2012-10-16 00:00:00','Bồ Đào Nha','Bắc Ailen','1-1',0,0,0,'Vòng loại WC ','','2016-07-23 21:28:26','2016-07-23 21:28:26'),(499,'2012-10-20 00:00:00','Real Madrid','Celta Vigo','2-0',1,0,0,'La Liga','','2016-07-23 21:28:56','2016-07-23 21:28:56'),(500,'2012-10-24 00:00:00','B Dortmund','Real Madrid','2-1',1,0,0,'Champions League','','2016-07-23 21:29:24','2016-07-23 21:29:24'),(501,'2012-10-28 00:00:00','Mallorca','Real Madrid','0-5',2,0,0,'La Liga','','2016-07-23 21:29:46','2016-07-23 21:29:46'),(502,'2012-11-03 00:00:00','Real Madrid','Zaragoza','4-0',0,0,0,'La Liga','','2016-07-23 21:30:06','2016-07-23 21:30:06'),(503,'2012-11-06 00:00:00','Real Madrid','B Dortmund','2-2',0,0,0,'Champions League','','2016-07-23 21:30:27','2016-07-23 21:30:27'),(504,'2012-11-11 00:00:00','Levante','Real Madrid','1-2',1,1,0,'La Liga','','2016-07-23 21:30:57','2016-07-23 21:30:57'),(505,'2012-11-17 00:00:00','Real Madrid','Ath Bilbao','5-1',0,0,0,'La Liga','','2016-07-23 21:31:30','2016-07-23 21:31:30'),(506,'2012-11-21 00:00:00','Man City','Real Madrid','1-1',0,0,0,'Champions League','','2016-07-23 21:31:51','2016-07-23 21:31:51'),(507,'2012-11-24 00:00:00','Real Betis','Real Madrid','1-0',0,0,0,'La Liga','','2016-07-23 21:32:12','2016-07-23 21:32:12'),(508,'2012-12-01 00:00:00','Real Madrid','Atl Madrid','2-0',1,0,0,'La Liga','','2016-07-23 21:32:58','2016-07-23 21:32:58'),(509,'2012-12-04 00:00:00','Real Madrid','Ajax','4-1',1,1,0,'Champions League','','2016-07-23 21:33:23','2016-07-23 21:33:23'),(510,'2012-12-08 00:00:00','Valladolid','Real Madrid','2-3',0,1,0,'La Liga','','2016-07-23 21:33:45','2016-07-23 21:33:45'),(511,'2012-12-16 00:00:00','Real Madrid','Espanyol','2-2',1,1,0,'La Liga','','2016-07-23 21:34:09','2016-07-23 21:34:09'),(512,'2012-12-22 00:00:00','Malaga','Real Madrid','3-2',0,1,0,'La Liga','','2016-07-23 21:34:47','2016-07-23 21:34:47'),(513,'2013-01-06 00:00:00','Real Madrid','Sociedad','4-3',2,1,0,'La Liga','','2016-07-23 21:35:18','2016-07-23 21:35:18'),(514,'2013-01-20 00:00:00','Valencia','Real Madrid','0-5',2,0,0,'La Liga','','2016-07-23 21:35:46','2016-07-23 21:35:46'),(515,'2013-01-27 00:00:00','Real Madrid','Getafe','4-0',3,0,0,'La Liga','','2016-07-23 21:36:24','2016-07-23 21:36:24'),(516,'2013-01-30 00:00:00','Real Madrid','Barcelona','1-1',0,0,0,'Copa Del Rey','','2016-07-23 21:36:50','2016-07-23 21:36:50'),(517,'2013-02-02 00:00:00','Granada','Real Madrid','1-0',0,0,0,'La Liga','','2016-07-23 21:37:08','2016-07-23 21:37:08'),(518,'2013-02-09 00:00:00','Real Madrid','Seville','4-1',3,0,0,'La Liga','','2016-07-23 21:37:31','2016-07-23 21:37:31'),(519,'2013-02-13 00:00:00','Real Madrid','Man Utd','1-1',1,0,0,'Champions League','','2016-07-23 21:37:54','2016-07-23 21:37:54'),(520,'2013-02-17 00:00:00','Real Madrid','R. Vallecano','2-0',0,1,0,'La Liga','','2016-07-23 21:38:22','2016-07-23 21:38:22'),(521,'2013-02-23 00:00:00','Deportivo','Real Madrid','1-2',0,0,0,'La Liga','','2016-07-23 21:39:07','2016-07-23 21:39:07'),(522,'2013-02-26 00:00:00','Barcelona','Real Madrid','1-3',2,0,0,'Copa Del Rey','','2016-07-23 21:39:38','2016-07-23 21:39:38'),(523,'2013-03-02 00:00:00','Real Madrid','Barcelona','2-1',0,0,0,'La Liga','','2016-07-23 21:40:06','2016-07-23 21:40:06'),(524,'2013-03-05 00:00:00','Man Utd','Real Madrid','1-2',1,0,0,'Champions League','','2016-07-23 21:40:26','2016-07-23 21:40:26'),(525,'2013-03-10 00:00:00','Celta Vigo','Real Madrid','1-2',2,0,0,'La Liga','','2016-07-23 21:40:53','2016-07-23 21:40:53'),(526,'2013-03-16 00:00:00','Real Madrid','Mallorca','5-2',1,0,0,'La Liga','','2016-07-23 21:41:37','2016-07-23 21:41:37'),(527,'2013-03-22 00:00:00','Israel','Bồ Đào Nha','3-3',0,1,0,'Vòng loại WC ','','2016-07-23 21:42:06','2016-07-23 21:42:06'),(528,'2013-03-30 00:00:00','Zaragoza','Real Madrid','1-1',1,0,0,'La Liga','','2016-07-23 21:42:46','2016-07-23 21:42:46'),(529,'2013-04-03 00:00:00','Real Madrid','Galatasaray','3-0',1,0,0,'Champions League','','2016-07-23 21:43:15','2016-07-23 21:43:15'),(530,'2013-04-06 00:00:00','Real Madrid','Levante','5-1',1,0,0,'La Liga','','2016-07-23 21:43:38','2016-07-23 21:43:38'),(531,'2013-04-09 00:00:00','Galatasaray','Real Madrid','3-2',2,0,0,'Champions League','','2016-07-23 21:44:01','2016-07-23 21:44:01'),(532,'2013-04-14 00:00:00','Ath Bilbao','Real Madrid','0-3',2,0,0,'La Liga','','2016-07-23 21:44:23','2016-07-23 21:44:23'),(533,'2013-04-20 00:00:00','Real Madrid','Real Betis','3-1',0,1,0,'La Liga','','2016-07-23 21:44:50','2016-07-23 21:44:50'),(534,'2013-04-24 00:00:00','B Dortmund','Real Madrid','4-1',1,0,0,'Champions League','','2016-07-23 21:45:27','2016-07-23 21:45:27'),(535,'2013-04-30 00:00:00','Real Madrid','B Dortmund','2-0',0,0,0,'Champions League','','2016-07-23 21:45:46','2016-07-23 21:45:46'),(536,'2013-05-04 00:00:00','Real Madrid','Valladolid','4-3',2,0,0,'La Liga','','2016-07-23 21:46:16','2016-07-23 21:46:16'),(537,'2013-05-08 00:00:00','Real Madrid','Malaga','6-2',1,1,0,'La Liga','','2016-07-23 21:46:37','2016-07-23 21:46:37'),(538,'2013-05-11 00:00:00','Espanyol','Real Madrid','1-1',0,1,0,'La Liga','','2016-07-23 21:46:56','2016-07-23 21:46:56'),(539,'2013-06-07 00:00:00','Bồ Đào Nha','Nga','1-0',0,0,0,'Vòng loại WC ','','2016-07-23 21:47:15','2016-07-23 21:47:15'),(540,'2013-08-18 00:00:00','Real Madrid','Real Betis','2-1',0,0,0,'La Liga','','2016-07-23 21:49:02','2016-07-23 21:49:02'),(541,'2013-08-26 00:00:00','Granada','Real Madrid','0-1',0,0,0,'La Liga','','2016-07-23 21:49:20','2016-07-23 21:49:20'),(542,'2013-09-01 00:00:00','Real Madrid','Ath Bilbao','3-1',1,0,0,'La Liga','','2016-07-23 21:49:46','2016-07-23 21:49:46'),(543,'2013-09-06 00:00:00','Bắc Ailen','Bồ Đào Nha','2-4',3,1,0,'Vòng loại WC ','','2016-07-23 21:50:18','2016-07-23 21:50:18'),(544,'2013-09-14 00:00:00','Villarreal','Real Madrid','2-2',1,0,0,'La Liga','','2016-07-23 21:51:16','2016-07-23 21:51:16'),(545,'2013-09-17 00:00:00','Galatasaray','Real Madrid','1-6',3,0,0,'Champions League','','2016-07-23 21:51:46','2016-07-23 21:51:46'),(546,'2013-09-22 00:00:00','Real Madrid','Getafe','4-1',2,0,0,'La Liga','','2016-07-23 21:52:25','2016-07-23 21:52:25'),(547,'2013-09-25 00:00:00','Elche','Real Madrid','1-2',2,1,0,'La Liga','','2016-07-23 21:52:54','2016-07-23 21:52:54'),(548,'2013-09-28 00:00:00','Real Madrid','Atl Madrid','0-1',0,0,0,'La Liga','','2016-07-23 21:53:14','2016-07-23 21:53:14'),(549,'2013-10-02 00:00:00','Real Madrid','FC Copenhagen','4-0',2,0,0,'Champions League','','2016-07-23 21:54:09','2016-07-23 21:54:09'),(550,'2013-10-05 00:00:00','Levante','Real Madrid','2-3',1,1,0,'La Liga','','2016-07-23 21:54:32','2016-07-23 21:54:32'),(551,'2013-10-11 00:00:00','Bồ Đào Nha','Israel','1-1',0,1,0,'Vòng loại WC ','','2016-07-23 21:55:15','2016-07-23 21:55:15'),(552,'2013-10-19 00:00:00','Real Madrid','Malaga','2-0',1,0,0,'La Liga','','2016-07-23 21:55:38','2016-07-23 21:55:38'),(553,'2013-10-23 00:00:00','Real Madrid','Juventus','2-1',2,0,0,'Champions League','','2016-07-23 21:56:10','2016-07-23 21:56:10'),(554,'2013-10-26 00:00:00','Barcelona','Real Madrid','2-1',0,1,0,'La Liga','','2016-07-23 21:56:25','2016-07-23 21:56:25'),(555,'2013-10-30 00:00:00','Real Madrid','Seville','7-3',3,0,0,'La Liga','','2016-07-23 21:56:52','2016-07-23 21:56:52'),(556,'2013-11-02 00:00:00','R. Vallecano','Real Madrid','2-3',2,0,0,'La Liga','','2016-07-23 21:57:13','2016-07-23 21:57:13'),(557,'2013-11-05 00:00:00','Juventus','Real Madrid','2-2',1,0,0,'Champions League','','2016-07-23 21:57:48','2016-07-23 21:57:48'),(558,'2013-11-09 00:00:00','Real Madrid','Sociedad','5-1',3,0,0,'La Liga','','2016-07-23 21:58:59','2016-07-23 21:58:59'),(559,'2013-11-15 00:00:00','Bồ Đào Nha','Thụy Điển','1-0',1,1,0,'Vòng loại WC ','','2016-07-23 21:59:42','2016-07-23 21:59:42'),(560,'2013-11-19 00:00:00','Thụy Điển','Bồ Đào Nha','2-3',3,0,0,'Vòng loại WC ','','2016-07-23 22:00:12','2016-07-23 22:00:12'),(561,'2013-11-23 00:00:00','Almeria','Real Madrid','0-5',1,0,0,'La Liga','','2016-07-23 22:00:37','2016-07-23 22:00:37'),(562,'2013-12-10 00:00:00','FC Copenhagen','Real Madrid','0-2',1,0,0,'Champions League','','2016-07-23 22:01:18','2016-07-23 22:01:18'),(563,'2013-12-14 00:00:00','Osasuna','Real Madrid','2-2',0,0,0,'La Liga','','2016-07-23 22:01:38','2016-07-23 22:01:38'),(564,'2013-12-22 00:00:00','Valencia','Real Madrid','2-3',1,0,0,'La Liga','','2016-07-23 22:02:03','2016-07-23 22:02:03'),(565,'2014-01-06 00:00:00','Real Madrid','Celta Vigo','3-0',2,0,0,'La Liga','','2016-07-23 22:02:39','2016-07-23 22:02:39'),(566,'2014-01-12 00:00:00','Espanyol','Real Madrid','0-1',0,0,0,'La Liga','','2016-07-23 22:02:58','2016-07-23 22:02:58'),(567,'2014-01-18 00:00:00','Real Betis','Real Madrid','0-5',1,0,0,'La Liga','','2016-07-23 22:03:30','2016-07-23 22:03:30'),(568,'2014-01-25 00:00:00','Real Madrid','Granada','2-0',1,0,0,'La Liga','','2016-07-23 22:03:54','2016-07-23 22:03:54'),(569,'2014-02-02 00:00:00','Ath Bilbao','Real Madrid','1-1',0,0,1,'La Liga','','2016-07-23 22:04:39','2016-07-23 22:04:39'),(570,'2014-02-26 00:00:00','Schalke','Real Madrid','1-6',2,0,0,'Champions League','','2016-07-23 22:05:19','2016-07-23 22:05:19'),(571,'2014-03-02 00:00:00','Atl Madrid','Real Madrid','2-2',1,0,0,'La Liga','','2016-07-23 22:05:46','2016-07-23 22:05:46'),(572,'2014-03-09 00:00:00','Real Madrid','Levante','3-0',1,0,0,'La Liga','','2016-07-23 22:08:36','2016-07-23 22:08:36'),(573,'2014-03-15 00:00:00','Malaga','Real Madrid','0-1',1,0,0,'La Liga','','2016-07-23 22:09:00','2016-07-23 22:09:00'),(574,'2014-03-18 00:00:00','Real Madrid','Schalke','3-1',2,0,0,'Champions League','','2016-07-23 22:09:30','2016-07-23 22:09:30'),(575,'2014-03-23 00:00:00','Real Madrid','Barcelona','3-4',1,1,0,'La Liga','','2016-07-23 22:09:58','2016-07-23 22:09:58'),(576,'2014-03-26 00:00:00','Seville','Real Madrid','2-1',1,0,0,'La Liga','','2016-07-23 22:10:15','2016-07-23 22:10:15'),(577,'2014-03-29 00:00:00','Real Madrid','R. Vallecano','5-0',1,0,0,'La Liga','','2016-07-23 22:10:38','2016-07-23 22:10:38'),(578,'2014-04-02 00:00:00','Real Madrid','B Dortmund','3-0',1,0,0,'Champions League','','2016-07-23 22:11:02','2016-07-23 22:11:02'),(579,'2014-04-23 00:00:00','Real Madrid','Bayern Munich','1-0',0,0,0,'Champions League','','2016-07-23 22:11:44','2016-07-23 22:11:44'),(580,'2014-04-26 00:00:00','Real Madrid','Osasuna','4-0',2,0,0,'La Liga','','2016-07-23 22:12:05','2016-07-23 22:12:05'),(581,'2014-04-29 00:00:00','Bayern Munich','Real Madrid','0-4',2,0,0,'Champions League','','2016-07-23 22:12:58','2016-07-23 22:12:58'),(582,'2014-05-04 00:00:00','Real Madrid','Valencia','2-2',1,0,0,'La Liga','','2016-07-23 22:13:22','2016-07-23 22:13:22'),(583,'2014-05-07 00:00:00','Valladolid','Real Madrid','1-1',0,0,0,'La Liga','','2016-07-23 22:13:43','2016-07-23 22:13:43'),(584,'2014-05-24 00:00:00','Real Madrid','Atl Madrid','4-1',1,1,0,'Champions League','','2016-07-23 22:14:06','2016-07-23 22:14:06'),(585,'2014-06-11 00:00:00','Ireland','Bồ Đào Nha','1-5',0,0,0,'Giao hữu đội tuyển','','2016-07-23 22:14:45','2016-07-23 22:14:45'),(586,'2014-06-16 00:00:00','Bồ Đào Nha','Đức','0-4',0,0,0,'World Cup 2014','','2016-07-23 22:15:14','2016-07-23 22:15:14'),(587,'2014-06-22 00:00:00','Bồ Đào Nha','Mỹ','2-2',0,0,0,'World Cup 2014','','2016-07-23 22:15:31','2016-07-23 22:15:31'),(588,'2014-06-26 00:00:00','Bồ Đào Nha','Ghana','2-1',1,0,0,'World Cup 2014','','2016-07-23 22:15:57','2016-07-23 22:15:57'),(589,'2014-08-12 00:00:00','Real Madrid','Seville','2-0',2,0,0,'Siêu cúp Châu Âu','','2016-07-23 22:26:32','2016-07-23 22:26:32'),(590,'2014-08-19 00:00:00','Real Madrid','Atl Madrid','1-1',0,0,0,'Siêu cúp Tây Ban Nha','','2016-07-23 22:27:01','2016-07-23 22:27:01'),(591,'2014-08-22 00:00:00','Atl Madrid','Real Madrid','1-0',0,1,0,'Siêu cúp Tây Ban Nha','','2016-07-23 22:27:32','2016-07-23 22:27:32'),(592,'2014-08-25 00:00:00','Real Madrid','Cordoba','2-0',1,0,0,'La Liga','','2016-07-23 22:28:05','2016-07-23 22:28:05'),(593,'2014-09-13 00:00:00','Real Madrid','Atl Madrid','1-2',1,0,0,'La Liga','','2016-07-23 22:28:41','2016-07-23 22:28:41'),(594,'2014-09-16 00:00:00','Real Madrid','Basel','5-1',1,0,0,'Champions League','','2016-07-23 22:29:03','2016-07-23 22:29:03'),(595,'2014-09-20 00:00:00','Deportivo','Real Madrid','2-8',3,0,0,'La Liga','','2016-07-23 22:29:36','2016-07-23 22:29:36'),(596,'2014-09-23 00:00:00','Real Madrid','Elche','5-1',4,0,0,'La Liga','','2016-07-23 22:30:01','2016-07-23 22:30:01'),(597,'2014-09-27 00:00:00','Villarreal','Real Madrid','0-2',1,0,0,'La Liga','','2016-07-23 22:30:25','2016-07-23 22:30:25'),(598,'2014-10-01 00:00:00','Ludogorets','Real Madrid','1-2',1,0,0,'Champions League','','2016-07-23 22:30:57','2016-07-23 22:30:57'),(599,'2014-10-05 00:00:00','Real Madrid','Ath Bilbao','5-0',3,0,0,'La Liga','','2016-07-23 22:31:34','2016-07-23 22:31:34'),(600,'2014-10-14 00:00:00','Đan Mạch','Bồ Đào Nha','0-1',1,1,0,'Vòng loại Euro','','2016-07-23 22:31:55','2016-07-23 22:31:55'),(601,'2014-10-18 00:00:00','le','Real Madrid','0-5',2,0,0,'La Liga','','2016-07-23 22:32:31','2016-07-23 22:32:31'),(602,'2014-10-22 00:00:00','Liverpool','Real Madrid','0-3',1,0,0,'Champions League','','2016-07-23 22:33:08','2016-07-23 22:33:08'),(603,'2014-10-25 00:00:00','Real Madrid','Barcelona','3-1',1,1,0,'La Liga','','2016-07-23 22:33:33','2016-07-23 22:33:33'),(604,'2014-11-01 00:00:00','Granada','Real Madrid','0-4',1,0,0,'La Liga','','2016-07-23 22:34:23','2016-07-23 22:34:23'),(605,'2014-11-04 00:00:00','Real Madrid','Liverpool','1-0',0,0,0,'Champions League','','2016-07-23 22:35:17','2016-07-23 22:35:17'),(606,'2014-11-08 00:00:00','Real Madrid','R. Vallecano','5-1',1,0,0,'La Liga','','2016-07-23 22:40:32','2016-07-23 22:40:32'),(607,'2014-11-14 00:00:00','Bồ Đào Nha','Armenia','1-0',1,0,0,'Vòng loại Euro','','2016-07-23 22:41:08','2016-07-23 22:41:08'),(608,'2014-11-22 00:00:00','Eibar','Real Madrid','0-4',2,0,0,'La Liga','','2016-07-23 22:41:35','2016-07-23 22:41:35'),(609,'2014-11-26 00:00:00','Basel','Real Madrid','0-1',1,0,0,'Champions League','','2016-07-23 22:42:25','2016-07-23 22:42:25'),(610,'2014-11-29 00:00:00','Malaga','Real Madrid','1-2',0,0,0,'La Liga','','2016-07-23 22:42:44','2016-07-23 22:42:44'),(611,'2014-12-06 00:00:00','Real Madrid','Celta Vigo','3-0',3,0,0,'La Liga','','2016-07-23 22:43:07','2016-07-23 22:43:07'),(612,'2014-12-09 00:00:00','Real Madrid','Ludogorets','4-0',1,0,0,'Champions League','','2016-07-23 22:43:33','2016-07-23 22:43:33'),(613,'2014-12-12 00:00:00','Almeria','Real Madrid','1-4',2,1,0,'La Liga','','2016-07-23 22:43:55','2016-07-23 22:43:55'),(614,'2014-12-16 00:00:00','Cruz Azul','Real Madrid','0-4',0,0,0,'Cúp vô địch Thế giới các CLB','','2016-07-23 22:45:30','2016-07-23 22:45:30'),(615,'2014-12-20 00:00:00','Real Madrid','San Lorenzo','2-0',0,0,0,'Cúp vô địch Thế giới các CLB','','2016-07-23 22:45:59','2016-07-23 22:45:59'),(616,'2015-01-04 00:00:00','Valencia','Real Madrid','2-1',1,0,0,'La Liga','','2016-07-23 22:46:20','2016-07-23 22:46:20'),(617,'2015-01-07 00:00:00','Atl Madrid','Real Madrid','2-0',0,0,0,'Copa Del Rey','','2016-07-23 22:46:40','2016-07-23 22:46:40'),(618,'2015-01-10 00:00:00','Real Madrid','Espanyol','3-0',0,1,0,'La Liga','','2016-07-23 22:47:07','2016-07-23 22:47:07'),(619,'2015-01-15 00:00:00','Real Madrid','Atl Madrid','2-2',1,0,0,'Copa Del Rey','','2016-07-23 22:47:38','2016-07-23 22:47:38'),(620,'2015-01-18 00:00:00','Getafe','Real Madrid','0-3',2,0,0,'La Liga','','2016-07-23 22:49:21','2016-07-23 22:49:21'),(621,'2015-01-24 00:00:00','Cordoba','Real Madrid','1-2',0,0,1,'La Liga','','2016-07-23 22:49:43','2016-07-23 22:49:43'),(622,'2015-02-07 00:00:00','Atl Madrid','Real Madrid','4-0',0,0,0,'La Liga','','2016-07-23 22:50:02','2016-07-23 22:50:02'),(623,'2015-02-14 00:00:00','Real Madrid','Deportivo','2-0',0,0,0,'La Liga','','2016-07-23 22:50:17','2016-07-23 22:50:17'),(624,'2015-02-18 00:00:00','Schalke','Real Madrid','0-2',1,0,0,'Champions League','','2016-07-23 22:50:37','2016-07-23 22:50:37'),(625,'2015-02-22 00:00:00','Elche','Real Madrid','0-2',1,0,0,'La Liga','','2016-07-23 22:50:58','2016-07-23 22:50:58'),(626,'2015-03-01 00:00:00','Real Madrid','Villarreal','1-1',1,0,0,'La Liga','','2016-07-23 22:51:18','2016-07-23 22:51:18'),(627,'2015-03-07 00:00:00','Ath Bilbao','Real Madrid','1-0',0,0,0,'La Liga','','2016-07-23 22:51:39','2016-07-23 22:51:39'),(628,'2015-03-10 00:00:00','Real Madrid','Schalke','3-4',2,1,0,'Champions League','','2016-07-23 22:52:02','2016-07-23 22:52:02'),(629,'2015-03-15 00:00:00','Real Madrid','Levante','2-0',0,0,0,'La Liga','','2016-07-23 22:52:20','2016-07-23 22:52:20'),(630,'2015-03-22 00:00:00','Barcelona','Real Madrid','2-1',1,1,0,'La Liga','','2016-07-23 22:52:40','2016-07-23 22:52:40'),(631,'2015-03-29 00:00:00','Bồ Đào Nha','Serbia','2-1',0,0,0,'Vòng loại Euro','','2016-07-23 22:53:12','2016-07-23 22:53:12'),(632,'2015-04-05 00:00:00','Real Madrid','Granada','9-1',5,0,0,'La Liga','','2016-07-23 22:53:40','2016-07-23 22:53:40'),(633,'2015-04-08 00:00:00','R. Vallecano','Real Madrid','0-2',1,1,0,'La Liga','','2016-07-23 22:54:06','2016-07-23 22:54:06'),(634,'2015-04-11 00:00:00','Real Madrid','Eibar','3-0',1,0,0,'La Liga','','2016-07-23 22:54:28','2016-07-23 22:54:28'),(635,'2015-04-14 00:00:00','Atl Madrid','Real Madrid','0-0',0,0,0,'Champions League','','2016-07-23 22:54:47','2016-07-23 22:54:47'),(636,'2015-04-18 00:00:00','Real Madrid','Malaga','3-1',1,0,0,'La Liga','','2016-07-23 22:55:13','2016-07-23 22:55:13'),(637,'2015-04-22 00:00:00','Real Madrid','Atl Madrid','1-0',0,0,0,'Champions League','','2016-07-23 22:55:37','2016-07-23 22:55:37'),(638,'2015-04-26 00:00:00','Celta Vigo','Real Madrid','2-4',0,0,0,'La Liga','','2016-07-23 22:55:58','2016-07-23 22:55:58'),(639,'2015-04-29 00:00:00','Real Madrid','Almeria','3-0',0,0,0,'La Liga','','2016-07-23 22:56:19','2016-07-23 22:56:19'),(640,'2015-05-02 00:00:00','Seville','Real Madrid','2-3',3,0,0,'La Liga','','2016-07-23 22:56:52','2016-07-23 22:56:52'),(641,'2015-05-05 00:00:00','Juventus','Real Madrid','2-1',1,0,0,'Champions League','','2016-07-23 22:57:13','2016-07-23 22:57:13'),(642,'2015-05-09 00:00:00','Real Madrid','Valencia','2-2',0,0,0,'La Liga','','2016-07-23 22:57:36','2016-07-23 22:57:36'),(643,'2015-05-13 00:00:00','Real Madrid','Juventus','1-1',1,0,0,'Champions League','','2016-07-23 22:57:59','2016-07-23 22:57:59'),(644,'2015-05-17 00:00:00','Espanyol','Real Madrid','1-4',3,0,0,'La Liga','','2016-07-23 22:58:25','2016-07-23 22:58:25'),(645,'2015-05-23 00:00:00','Real Madrid','Getafe','7-3',3,0,0,'La Liga','','2016-07-23 22:58:44','2016-07-23 22:58:44'),(646,'2015-06-13 00:00:00','Armenia','Bồ Đào Nha','2-3',3,0,0,'Vòng loại Euro','','2016-07-23 22:59:08','2016-07-23 22:59:08'),(647,'2015-08-23 00:00:00','Sp. Gijon','Real Madrid','0-0',0,0,0,'La Liga','','2016-07-23 23:01:13','2016-07-23 23:01:13'),(648,'2015-08-29 00:00:00','Real Madrid','Real Betis','5-0',0,0,0,'La Liga','','2016-07-23 23:01:43','2016-07-23 23:01:43'),(649,'2015-09-07 00:00:00','Albania','Bồ Đào Nha','0-1',0,0,0,'Vòng loại Euro','','2016-07-23 23:02:03','2016-07-23 23:02:03'),(650,'2015-09-12 00:00:00','Espanyol','Real Madrid','0-6',5,0,0,'La Liga','','2016-07-23 23:02:27','2016-07-23 23:02:27'),(651,'2015-09-15 00:00:00','Real Madrid','Shakhtar','4-0',3,0,0,'Champions League','','2016-07-23 23:02:49','2016-07-23 23:02:49'),(652,'2015-09-19 00:00:00','Real Madrid','Granada','1-0',0,0,0,'La Liga','','2016-07-23 23:03:04','2016-07-23 23:03:04'),(653,'2015-09-23 00:00:00','Ath Bilbao','Real Madrid','1-2',0,1,0,'La Liga','','2016-07-23 23:03:19','2016-07-23 23:03:19'),(654,'2015-09-26 00:00:00','Real Madrid','Malaga','0-0',0,1,0,'La Liga','','2016-07-23 23:04:56','2016-07-23 23:04:56'),(655,'2015-09-30 00:00:00','Malmo','Real Madrid','0-2',2,0,0,'Champions League','','2016-07-23 23:05:14','2016-07-23 23:05:14'),(656,'2015-10-04 00:00:00','Atl Madrid','Real Madrid','1-1',0,0,0,'La Liga','','2016-07-23 23:05:36','2016-07-23 23:05:36'),(657,'2015-10-08 00:00:00','Bồ Đào Nha','Đan Mạch','1-0',0,0,0,'Vòng loại Euro','','2016-07-23 23:05:56','2016-07-23 23:05:56'),(658,'2015-10-17 00:00:00','Real Madrid','Levante','3-0',1,0,0,'La Liga','','2016-07-23 23:06:18','2016-07-23 23:06:18'),(659,'2015-10-21 00:00:00','PSG','Real Madrid','0-0',0,0,0,'Champions League','','2016-07-23 23:06:40','2016-07-23 23:06:40'),(660,'2015-10-24 00:00:00','Celta Vigo','Real Madrid','1-3',1,0,0,'La Liga','','2016-07-23 23:06:56','2016-07-23 23:06:56'),(661,'2015-10-31 00:00:00','Real Madrid','Las Palmas','3-1',1,0,0,'La Liga','','2016-07-23 23:07:18','2016-07-23 23:07:18'),(662,'2015-11-03 00:00:00','Real Madrid','PSG','1-0',0,0,0,'Champions League','','2016-07-23 23:07:37','2016-07-23 23:07:37'),(663,'2015-11-08 00:00:00','Seville','Real Madrid','3-2',0,0,0,'La Liga','','2016-07-23 23:07:57','2016-07-23 23:07:57'),(664,'2015-11-21 00:00:00','Real Madrid','Barcelona','0-4',0,0,0,'La Liga','','2016-07-23 23:08:20','2016-07-23 23:08:20'),(665,'2015-11-25 00:00:00','Shakhtar','Real Madrid','3-4',2,0,0,'Champions League','','2016-07-23 23:08:46','2016-07-23 23:08:46'),(666,'2015-11-29 00:00:00','Eibar','Real Madrid','0-2',1,0,0,'La Liga','','2016-07-23 23:09:06','2016-07-23 23:09:06'),(667,'2015-12-05 00:00:00','Real Madrid','Getafe','4-1',1,0,0,'La Liga','','2016-07-23 23:09:33','2016-07-23 23:09:33'),(668,'2015-12-08 00:00:00','Real Madrid','Malmo','8-0',4,0,0,'Champions League','','2016-07-23 23:09:53','2016-07-23 23:09:53'),(669,'2015-12-13 00:00:00','Villarreal','Real Madrid','1-0',0,0,0,'La Liga','','2016-07-23 23:10:07','2016-07-23 23:10:07'),(670,'2015-12-20 00:00:00','Real Madrid','R. Vallecano','10-2',2,0,0,'La Liga','','2016-07-23 23:10:30','2016-07-23 23:10:30'),(671,'2015-12-30 00:00:00','Real Madrid','Sociedad','3-1',2,0,0,'La Liga','','2016-07-23 23:10:50','2016-07-23 23:10:50'),(672,'2016-01-03 00:00:00','Valencia','Real Madrid','2-2',0,0,0,'La Liga','','2016-07-23 23:11:20','2016-07-23 23:11:20'),(673,'2016-01-09 00:00:00','Real Madrid','Deportivo','5-0',0,0,0,'La Liga','','2016-07-23 23:11:51','2016-07-23 23:11:51'),(674,'2016-01-17 00:00:00','Real Madrid','Sp. Gijon','5-1',2,0,0,'La Liga','','2016-07-23 23:12:09','2016-07-23 23:12:09'),(675,'2016-01-24 00:00:00','Real Betis','Real Madrid','1-1',0,0,0,'La Liga','','2016-07-23 23:12:25','2016-07-23 23:12:25'),(676,'2016-01-31 00:00:00','Real Madrid','Espanyol','6-0',3,0,0,'La Liga','','2016-07-23 23:12:44','2016-07-23 23:12:44'),(677,'2016-02-07 00:00:00','Granada','Real Madrid','1-2',0,0,0,'La Liga','','2016-07-23 23:13:01','2016-07-23 23:13:01'),(678,'2016-02-13 00:00:00','Real Madrid','Ath Bilbao','4-2',2,0,0,'La Liga','','2016-07-23 23:13:26','2016-07-23 23:13:26'),(679,'2016-02-17 00:00:00','Roma','Real Madrid','0-2',1,0,0,'Champions League','','2016-07-23 23:13:46','2016-07-23 23:13:46'),(680,'2016-02-21 00:00:00','Malaga','Real Madrid','1-1',1,0,0,'La Liga','','2016-07-23 23:14:04','2016-07-23 23:14:04'),(681,'2016-02-27 00:00:00','Real Madrid','Atl Madrid','0-1',0,0,0,'La Liga','','2016-07-23 23:14:22','2016-07-23 23:14:22'),(682,'2016-03-02 00:00:00','Levante','Real Madrid','1-3',1,0,0,'La Liga','','2016-07-23 23:14:43','2016-07-23 23:14:43'),(683,'2016-03-05 00:00:00','Real Madrid','Celta Vigo','7-1',4,0,0,'La Liga','','2016-07-23 23:15:03','2016-07-23 23:15:03'),(684,'2016-03-08 00:00:00','Real Madrid','Roma','2-0',1,0,0,'Champions League','','2016-07-23 23:15:21','2016-07-23 23:15:21'),(685,'2016-03-13 00:00:00','Las Palmas','Real Madrid','1-2',0,0,0,'La Liga','','2016-07-23 23:15:41','2016-07-23 23:15:41'),(686,'2016-03-20 00:00:00','Real Madrid','Seville','4-0',1,0,0,'La Liga','','2016-07-23 23:16:01','2016-07-23 23:16:01'),(687,'2016-04-02 00:00:00','Barcelona','Real Madrid','1-2',1,1,0,'La Liga','','2016-07-23 23:16:26','2016-07-23 23:16:26'),(688,'2016-04-06 00:00:00','Wolfsburg','Real Madrid','2-0',0,0,0,'Champions League','','2016-07-23 23:16:45','2016-07-23 23:16:45'),(689,'2016-04-09 00:00:00','Real Madrid','Eibar','4-0',1,0,0,'La Liga','','2016-07-23 23:17:05','2016-07-23 23:17:05'),(690,'2016-04-12 00:00:00','Real Madrid','Wolfsburg','3-0',3,1,0,'Champions League','','2016-07-23 23:17:24','2016-07-23 23:17:24'),(691,'2016-04-16 00:00:00','Getafe','Real Madrid','1-5',1,0,0,'La Liga','','2016-07-23 23:17:41','2016-07-23 23:17:41'),(692,'2016-04-20 00:00:00','Real Madrid','Villarreal','3-0',0,0,0,'La Liga','','2016-07-23 23:18:02','2016-07-23 23:18:02'),(693,'2016-05-04 00:00:00','Real Madrid','Man City','1-0',0,0,0,'Champions League','','2016-07-23 23:18:18','2016-07-23 23:18:18'),(694,'2016-05-08 00:00:00','Real Madrid','Valencia','3-2',2,0,0,'La Liga','','2016-07-23 23:18:38','2016-07-23 23:18:38'),(695,'2016-05-14 00:00:00','Deportivo','Real Madrid','0-2',2,0,0,'La Liga','','2016-07-23 23:18:53','2016-07-23 23:18:53'),(696,'2016-05-28 00:00:00','Real Madrid','Atl Madrid','1-1',0,0,0,'Champions League','Real Madrid thắng 5-3 trên penalties','2016-07-23 23:19:41','2016-07-23 23:19:41'),(697,'2016-06-14 00:00:00','Bồ Đào Nha','Iceland','1-1',0,0,0,'Euro 2016','','2016-07-23 23:20:23','2016-07-23 23:20:23'),(698,'2016-06-18 00:00:00','Bồ Đào Nha','Áo','0-0',0,0,0,'Euro 2016','','2016-07-23 23:20:46','2016-07-23 23:20:46'),(699,'2016-06-22 00:00:00','Bồ Đào Nha','Hungary','3-3',2,0,0,'Euro 2016','','2016-07-23 23:21:09','2016-07-23 23:21:09'),(700,'2016-06-25 00:00:00','Bồ Đào Nha','Croatia','1-0',0,0,0,'Euro 2016','','2016-07-23 23:21:33','2016-07-23 23:21:33'),(701,'2016-06-30 00:00:00','Ba Lan','Bồ Đào Nha','1-1',0,0,0,'Euro 2016','Bồ Đào Nha thắng 5-3 trên penalties','2016-07-23 23:22:20','2016-07-23 23:22:20'),(702,'2016-07-23 16:35:09','Bồ Đào Nha','Xứ Wales','2-0',1,1,0,'Euro 2016','','2016-07-23 23:22:48','2016-07-23 23:22:48'),(703,'2016-07-10 00:00:00','Pháp','Bồ Đào Nha','0-1',0,0,0,'Euro 2016','','2016-07-23 23:23:31','2016-07-23 23:23:31'),(704,'2016-09-10 00:00:00','Real Madrid','Osasuna','5-2',1,0,0,'La Liga','','2016-09-12 08:30:41','2016-09-12 08:30:41'),(705,'2016-09-15 00:00:00','Real Madrid','Sporting CP','2-1',1,0,0,'Champions League','','2016-09-15 08:32:57','2016-09-15 08:32:57'),(706,'2016-09-22 00:00:00','Real Madrid','Villarreal','1-1',0,1,0,'La Liga','','2016-09-22 21:04:38','2016-09-22 21:04:38'),(707,'2016-09-25 00:00:00','Las Palmas','Real Madrid','2-2',0,0,0,'La Liga','','2016-09-26 23:10:22','2016-09-26 23:10:22'),(708,'2016-09-28 05:18:19','Dortmund','Real Madrid','2-2',1,0,0,'Champions League',' ','2016-09-28 00:00:00','2016-09-28 00:00:00'),(709,'2016-10-02 00:00:00','Real Madrid','Eibar','1-1',0,0,0,'La Liga','','2016-10-04 14:43:54','2016-10-04 14:43:54'),(710,'2016-10-08 00:00:00','Bồ Đào Nha','Andorra','6-0',4,0,0,'Vòng loại WC','Lần đầu ghi 4 bàn cho đội tuyển quốc gia','2016-10-08 13:17:01','2016-10-08 13:17:01'),(711,'2016-10-11 00:00:00','Đảo Faroe','Bồ Đào Nha','0-6',1,0,0,'Vòng loại WC','','2016-10-11 16:02:16','2016-10-11 16:02:16'),(712,'2016-10-16 00:00:00','Real Betis','Real Madrid','1-6',1,0,0,'La Liga','1 kiến tạo','2016-10-16 21:18:00','2016-10-16 21:18:00'),(713,'2016-10-19 00:00:00','Real Madrid','Legia Warszawa','5-1',0,1,0,'Champions League','kiến tạo: 2','2016-10-19 13:07:04','2016-10-19 13:07:04'),(714,'2016-10-24 00:00:00','Real Madrid','Athletic Bilbao','2-1',0,0,0,'La Liga','','2016-11-01 10:05:19','2016-11-01 10:05:19'),(715,'2016-10-29 00:00:00','Alaves','Real Madrid','1-4',3,0,0,'La Liga','Hỏng 1 quả 11m','2016-11-01 10:06:08','2016-11-01 10:06:08'),(716,'2016-11-03 11:06:39','Legia Warsaw','Real Madrid','3-3',0,0,0,'Champions League','Kiến tạo: 1','2017-04-07 18:02:59','2017-04-07 18:14:16'),(717,'2016-11-06 00:00:00','Real Madrid','Leganes','3-0',0,1,0,'La Liga','','2017-04-07 18:07:30','2017-04-07 18:07:30'),(718,'2016-11-14 00:00:00','Bồ Đào Nha','Latvia','4-1',2,0,0,'Vòng loại WC','Penalty: 1','2017-04-07 18:12:01','2017-04-07 18:12:01'),(719,'2016-11-20 00:00:00','Atletico Madrid','Real Madrid','0-3',3,1,0,'La Liga','Penalty: 1','2017-04-07 18:15:54','2017-04-07 18:15:54'),(720,'2016-11-23 00:00:00','Sporting CP','Real Madrid','1-2',0,0,0,'Champions League','Kiến tạo: 1','2017-04-07 18:17:07','2017-04-07 18:17:07'),(721,'2016-11-26 00:00:00','Real Madrid','Sporting Gijon','2-1',2,0,0,'La Liga','Penalty: 1','2017-04-07 18:18:13','2017-04-07 18:18:13'),(722,'2016-12-03 00:00:00','Barcelona','Real Madrid','1-1',0,0,0,'La Liga','','2017-04-07 18:19:18','2017-04-07 18:19:18'),(723,'2016-12-08 00:00:00','Real Madrid','Dortmund','2-2',0,0,0,'Champions League','','2017-04-07 18:20:17','2017-04-07 18:20:17'),(724,'2016-12-11 00:00:00','Real Madrid','Deportivo','3-2',0,0,0,'La Liga','','2017-04-07 22:06:22','2017-04-07 22:06:22'),(725,'2016-12-15 00:00:00','Club America','Real Madrid','0-2',1,0,0,'Fifa Club World Cup','','2017-04-07 22:08:14','2017-04-07 22:08:14'),(726,'2016-12-18 00:00:00','Real Madrid','Kashima Antlers','4-2',3,0,0,'Fifa Club World Cup','','2017-04-07 22:09:25','2017-04-07 22:09:25'),(727,'2017-01-05 00:00:00','Real Madrid','Sevilla','3-0',0,0,0,'Copa Del Rey','','2017-04-07 22:11:56','2017-04-07 22:11:56'),(728,'2017-01-07 00:00:00','Real Madrid','Granada','5-0',1,0,0,'La Liga','','2017-04-07 22:12:58','2017-04-07 22:12:58'),(729,'2017-01-16 16:59:19','Sevilla','Real Madrid','2-1',1,0,0,'La Liga','','2017-04-07 22:15:21','2017-04-08 00:00:01'),(730,'2017-01-19 16:59:23','Real Madrid','Celta Vigo','1-2',0,0,0,'Copa Del Rey','','2017-04-07 22:16:34','2017-04-08 00:00:34'),(731,'2017-01-21 16:59:26','Real Madrid','Malaga','2-1',0,0,0,'La Liga','','2017-04-07 22:17:20','2017-04-08 00:00:51'),(732,'2017-01-26 16:59:31','Celta Vigo','Real Madrid','2-2',1,0,0,'Copa Del Rey','','2017-04-07 22:18:32','2017-04-08 00:03:34'),(733,'2017-01-30 16:59:34','Real Madrid','Real Sociedad','3-0',1,0,0,'La Liga','Kiến tạo: 1','2017-04-07 22:52:13','2017-04-08 00:03:57'),(734,'2017-02-12 16:59:38','Osasuna','Real Madrid','1-3',1,0,0,'La Liga','','2017-04-07 22:53:07','2017-04-08 00:04:17'),(735,'2017-02-16 16:59:42','Real Madrid','Napoli','3-1',0,0,0,'Champions League','Kiến tạo: 1','2017-04-07 22:53:57','2017-04-08 00:04:45'),(736,'2017-02-18 16:59:45','Real Madrid','Espanyol','2-0',0,0,0,'La Liga','','2017-04-07 22:54:35','2017-04-08 00:05:04'),(737,'2017-02-23 16:59:49','Valencia','Real Madrid','2-1',1,0,0,'La Liga','','2017-04-07 22:56:26','2017-04-08 00:06:06'),(738,'2017-02-27 16:59:55','Villarreal','Real Madrid','2-3',1,0,0,'La Liga','','2017-04-07 22:57:00','2017-04-08 00:06:20'),(739,'2017-03-02 16:59:59','Real Madrid','Las Palmas','3-3',2,1,0,'La Liga','','2017-04-07 22:57:47','2017-04-08 00:06:42'),(740,'2017-03-08 17:00:04','Napoli','Real Madrid','1-3',0,0,0,'Champions League','','2017-04-07 23:00:28','2017-04-08 00:06:59'),(741,'2017-03-13 17:00:08','Real Madrid','Betis','2-1',1,0,0,'La Liga','','2017-04-07 23:01:04','2017-04-08 00:07:12'),(742,'2017-03-18 17:00:11','Athletic Bilbao','Real Madrid','1-2',0,0,0,'La Liga','Kiến tạo: 2','2017-04-07 23:01:52','2017-04-08 00:07:25'),(743,'2017-03-26 17:00:16','Bồ Đào Nha','Hungary','3-0',2,0,0,'Vòng loại WC','','2017-04-07 23:04:45','2017-04-08 00:07:39'),(744,'2017-03-29 17:00:20','Bồ Đào Nha','Thụy Điển','2-3',1,0,0,'Giao hữu','','2017-04-07 23:05:23','2017-04-08 00:07:58'),(745,'2017-04-02 17:00:26','Real Madrid','Alaves','3-0',0,0,0,'La Liga','Kiến tạo: 1','2017-04-07 23:06:52','2017-04-08 00:08:14'),(749,'2017-04-08 00:00:00','Real Madrid','Atletico Madrid','1-1',0,0,0,'La Liga','','2017-04-12 21:44:07','2017-04-12 21:44:07'),(750,'2017-04-12 00:00:00','Bayern Munich','Real Madrid','1-2',2,0,0,'Champions League','','2017-06-21 15:23:27','2017-06-21 15:23:27'),(751,'2017-04-18 00:00:00','Real Madrid','Bayern Munich','4-2',3,0,0,'Champions League','','2017-06-21 15:24:20','2017-06-21 15:24:20'),(752,'2017-04-23 00:00:00','Real Madrid','Barcelona','2-3',0,0,0,'La Liga','','2017-06-21 15:24:59','2017-06-21 15:24:59'),(753,'2017-04-29 00:00:00','Real Madrid','Valencia','2-1',1,0,0,'La Liga','','2017-06-21 15:25:24','2017-06-21 15:25:24'),(754,'2017-05-03 00:00:00','Real Madrid','Atlectico Madrid','3-0',3,0,0,'Champions League','','2017-06-21 15:26:22','2017-06-21 15:26:22'),(755,'2017-05-11 00:00:00','Atlectico Madrid','Real Madrid','2-1',0,0,0,'Champions League','','2017-06-21 15:26:56','2017-06-21 15:26:56'),(756,'2017-05-14 00:00:00','Real Madrid','Sevilla','4-1',2,0,0,'La Liga','','2017-06-21 15:27:27','2017-06-21 15:27:27'),(757,'2017-05-17 00:00:00','Celta Vigo','Real Madrid','1-4',2,0,0,'La Liga','','2017-06-21 15:28:00','2017-06-21 15:31:39'),(758,'2017-05-21 00:00:00','Malaga','Real Madrid','0-2',1,0,0,'La Liga','','2017-06-21 15:28:24','2017-06-21 15:28:24'),(759,'2017-06-04 00:00:00','Juventus','Real Madrid','1-4',2,0,0,'Champions League','','2017-06-21 15:28:57','2017-06-21 15:28:57'),(760,'2017-06-10 00:00:00','Latvia','Real Madrid','0-3',2,0,0,'Vòng loại WC','','2017-06-21 15:29:37','2017-06-21 15:29:37'),(761,'2017-06-18 00:00:00','Bồ Đào Nha','Mexico','2-2',0,0,0,'Confederations Cup','','2017-06-21 15:30:54','2017-06-21 15:30:54');
/*!40000 ALTER TABLE `tblgoal` ENABLE KEYS */;

--
-- Table structure for table `tblnational`
--

DROP TABLE IF EXISTS `tblnational`;
/*!40101 SET @saved_cs_client     = @@character_set_client */;
/*!40101 SET character_set_client = utf8 */;
CREATE TABLE `tblnational` (
  `id` int(10) unsigned NOT NULL AUTO_INCREMENT,
  `nameNational` varchar(255) COLLATE utf8_unicode_ci NOT NULL,
  `season` varchar(255) COLLATE utf8_unicode_ci NOT NULL,
  `clotherNumber` int(10) unsigned NOT NULL,
  `created_at` timestamp NULL DEFAULT NULL,
  `updated_at` timestamp NULL DEFAULT NULL,
  PRIMARY KEY (`id`)
) ENGINE=MyISAM AUTO_INCREMENT=14 DEFAULT CHARSET=utf8 COLLATE=utf8_unicode_ci;
/*!40101 SET character_set_client = @saved_cs_client */;

--
-- Dumping data for table `tblnational`
--

/*!40000 ALTER TABLE `tblnational` DISABLE KEYS */;
INSERT INTO `tblnational` VALUES (1,'U15 Bồ Đào Nha','2001',7,'2016-07-14 14:33:09','2016-07-15 07:33:47'),(2,'U17 Bồ Đào Nha','2001-2002',7,'2016-07-15 07:34:13','2016-07-15 07:34:22'),(3,'U20 Bồ Đào Nha','2002',7,'2016-07-15 07:34:42','2016-07-15 07:37:28'),(4,'U21 Bồ Đào Nha','2002-2003',7,'2016-07-15 07:35:01','2016-07-15 07:35:01'),(5,'U23 Bồ Đào Nha','2004',7,'2016-07-15 07:35:14','2016-07-15 07:35:14'),(6,'Bồ Đào Nha','2003-',7,'2016-07-15 07:35:38','2016-07-15 07:35:38'),(7,'Euro','2004',17,'2016-07-15 07:36:00','2016-07-15 07:36:00'),(8,'World Cup','2006',7,'2016-07-15 07:36:14','2016-07-15 07:36:14'),(9,'Euro','2008',7,'2016-07-15 07:36:26','2016-07-15 07:36:26'),(10,'World Cup','2010',7,'2016-07-15 07:36:35','2016-07-15 07:36:35'),(11,'Euro','2012',7,'2016-07-15 07:36:49','2016-07-15 07:36:49'),(12,'World Cup','2014',7,'2016-07-15 07:37:10','2016-07-15 07:37:10'),(13,'Euro','2016',7,'2016-07-15 07:37:16','2016-07-15 07:37:16');
/*!40000 ALTER TABLE `tblnational` ENABLE KEYS */;

--
-- Table structure for table `tblprofile`
--

DROP TABLE IF EXISTS `tblprofile`;
/*!40101 SET @saved_cs_client     = @@character_set_client */;
/*!40101 SET character_set_client = utf8 */;
CREATE TABLE `tblprofile` (
  `id` int(10) unsigned NOT NULL AUTO_INCREMENT,
  `name` varchar(255) COLLATE utf8_unicode_ci NOT NULL,
  `dob` datetime NOT NULL DEFAULT '0000-00-00 00:00:00' ON UPDATE CURRENT_TIMESTAMP,
  `pob` varchar(255) COLLATE utf8_unicode_ci NOT NULL,
  `height` varchar(255) COLLATE utf8_unicode_ci NOT NULL,
  `weight` varchar(255) COLLATE utf8_unicode_ci NOT NULL,
  `position` varchar(255) COLLATE utf8_unicode_ci NOT NULL,
  `foot` varchar(255) COLLATE utf8_unicode_ci NOT NULL,
  `created_at` timestamp NULL DEFAULT NULL,
  `updated_at` timestamp NULL DEFAULT NULL,
  PRIMARY KEY (`id`)
) ENGINE=MyISAM AUTO_INCREMENT=2 DEFAULT CHARSET=utf8 COLLATE=utf8_unicode_ci;
/*!40101 SET character_set_client = @saved_cs_client */;

--
-- Dumping data for table `tblprofile`
--

/*!40000 ALTER TABLE `tblprofile` DISABLE KEYS */;
INSERT INTO `tblprofile` VALUES (1,'Cristiano Ronaldo dos Santos Aveiro','1985-02-15 00:00:00','Funchal, Madeira, Portugal','1.85 m','85 kg','Tiền đạo','Chân phải',NULL,'2016-07-14 13:54:55');
/*!40000 ALTER TABLE `tblprofile` ENABLE KEYS */;

--
-- Table structure for table `tblrecord`
--

DROP TABLE IF EXISTS `tblrecord`;
/*!40101 SET @saved_cs_client     = @@character_set_client */;
/*!40101 SET character_set_client = utf8 */;
CREATE TABLE `tblrecord` (
  `id` int(10) unsigned NOT NULL AUTO_INCREMENT,
  `nameRecord` varchar(255) COLLATE utf8_unicode_ci NOT NULL,
  `season` varchar(255) COLLATE utf8_unicode_ci DEFAULT NULL,
  `idTypeRecord` int(10) unsigned NOT NULL,
  `created_at` timestamp NULL DEFAULT NULL,
  `updated_at` timestamp NULL DEFAULT NULL,
  PRIMARY KEY (`id`),
  KEY `tblRecord_idtblTypeRecord_foreign` (`idTypeRecord`)
) ENGINE=MyISAM AUTO_INCREMENT=58 DEFAULT CHARSET=utf8 COLLATE=utf8_unicode_ci;
/*!40101 SET character_set_client = @saved_cs_client */;

--
-- Dumping data for table `tblrecord`
--

/*!40000 ALTER TABLE `tblrecord` DISABLE KEYS */;
INSERT INTO `tblrecord` VALUES (1,'Cầu thủ bóng đá đắt giá nhất lịch sử','2009-2013',1,NULL,NULL),(2,'Cầu thủ duy nhất trong lịch sử ghi 50 bàn trở lên trong 6 mùa giải liên tiếp.','2010-2016',1,'2016-07-15 08:01:18','2016-07-21 07:25:31'),(3,'Cầu thủ ghi nhiều bàn thắng quốc tế nhất trong 1 năm: 25 bàn','2012',1,'2016-07-19 12:42:54','2016-07-19 12:42:54'),(4,'Cầu thủ ghi bàn ở tất cả các phút trong trận đấu','',1,'2016-07-19 12:43:59','2016-07-19 12:43:59'),(5,'Cầu thủ duy nhất giành danh hiệu vô địch giải ngoại hạng (League), Domestic Cup, Domestic Supercup, Champions League, Club World Cup, cầu thủ xuất sắc nhất năm, Chiếc giày vàng châu Âu và Quả bóng vàng tại 2 câu lạc bộ khác nhau','',1,'2016-07-19 12:44:58','2016-07-19 12:44:58'),(6,'Cầu thủ xuất hiện nhiều lần nhất trong FIFPro World XI: 8 lần','2007-2014',1,'2016-07-19 12:45:35','2016-07-19 12:45:35'),(7,'Cầu thủ đầu tiên và duy nhất xuất hiện trong FIFPro World XI tại 2 CLB khác nhau','',1,'2016-07-19 12:45:43','2016-07-19 12:45:43'),(8,'Cầu thủ ghi nhiều bàn thắng nhất tại đấu trường châu Âu (cấp CLB): 96 bàn','',2,'2016-07-19 12:46:03','2016-07-19 12:46:03'),(9,'Cầu thủ ghi nhiều bàn thắng nhất tại UEFA Champions League: 94 bàn','',2,'2016-07-19 12:46:13','2016-07-21 07:25:09'),(10,'Cầu thủ ghi nhiều bàn thắng nhất trong 1 mùa tại UEFA Champions League/European Cup: 17 bàn','2013-2014',2,'2016-07-19 12:46:31','2016-07-19 12:46:31'),(11,'Cầu thủ ghi nhiều bàn thắng nhất tại vòng bảng UEFA Champions League: 9 bàn','2013-2014',2,'2016-07-19 12:46:48','2016-07-19 12:46:48'),(12,'Cầu thủ ghi nhiều bàn thắng nhất tại vòng loại trực tiếp UEFA Champions League: 39 bàn','',2,'2016-07-19 12:46:59','2016-07-19 12:46:59'),(13,'Cầu thủ ghi nhiều bàn thắng nhất tại UEFA Champions League trong 1 năm: 15 bàn','2013',2,'2016-07-19 12:47:15','2016-07-19 12:47:15'),(14,'Cầu thủ duy nhất đã giành Chiếc giày vàng châu Âu trong 2 giải đấu khác nhau','',2,'2016-07-19 12:47:37','2016-07-19 12:47:37'),(15,'Cầu thủ ghi nhiều bàn thắng nhất tại giải vô địch bóng đá châu Âu, bao gồm cả vòng loại: 26 bàn','',2,'2016-07-19 12:47:51','2016-07-19 12:47:51'),(16,'Cầu thủ bóng đá đầu tiên ghi được 10 bàn thắng trở lên trong 4 mùa liên tiếp tại UEFA Champions League','2011-2015',2,'2016-07-19 12:48:24','2016-07-19 12:48:24'),(17,'Cầu thủ duy nhất ghi bàn cho 2 đội vô địch khác nhau tại Cúp châu Âu','',2,'2016-07-19 12:48:36','2016-07-19 12:48:36'),(18,'Cầu thủ ghi nhiều bàn thắng sân khách nhất trong lịch sử Champions League: 42 bàn','',2,'2016-07-19 12:49:06','2016-07-19 12:49:06'),(19,'Cầu thủ ghi bàn sân khách liên tiếp nhiều trận nhất tại UEFA Champions League: 12 trận','',2,'2016-07-19 12:49:22','2016-07-19 12:49:22'),(20,'Cầu thủ có nhiều chiến thắng nhất tại vòng loại trực tiếp UEFA Champions League: 29 chiến thắng','',2,'2016-07-19 12:49:45','2016-07-19 12:49:45'),(21,'Cầu thủ lập nhiều cú đúp nhất tại UEFA Champions League: 20 lần','',2,'2016-07-19 12:49:55','2016-07-19 12:49:55'),(22,'Cầu thủ có số trận ghi bàn liên tiếp nhiều nhất tại UEFA Champions League: 8 trận','2013-2014',2,'2016-07-19 12:50:16','2016-07-19 12:50:16'),(23,'Danh hiệu Chiếc giày vàng châu Âu nhiều lần nhất: 4 lần','',2,'2016-07-19 12:50:38','2016-07-19 12:50:38'),(24,'Cầu thủ xuất hiện nhiều lần nhất trong UEFA Team of the Year: 9 lần','',2,'2016-07-19 12:50:51','2016-07-19 12:50:51'),(25,'Cầu thủ đầu tiên chạm mốc 100 lần tham gia vào tình huống ghi bàn trên sân tại UEFA Champions League với 77 bàn và 23 đường kiến tạo','',2,'2016-07-19 12:51:16','2016-07-19 12:51:16'),(26,'Cầu thủ duy nhất liên tiếp nhiều lần lọt vào danh sách cuối cùng Cầu thủ xuất sắc nhất châu Âu của UEFA','2010-2015',2,'2016-07-19 12:51:44','2016-07-19 12:51:44'),(27,'Cầu thủ ghi 350 bàn nhanh nhất cho một CLB: 355 trận','',2,'2016-07-19 12:52:30','2016-07-19 12:52:30'),(28,'Cầu thủ suy nhất ghi hơn 15 bàn trong 2 mùa giải khác nhau tại Champions League','2013-2014, 2015-2016',2,'2016-07-19 12:53:26','2016-07-19 12:53:26'),(29,'Cầu thủ đầu tiên có 3 hattricks trong 1 mùa giải tại Champions League','2015-2016',2,'2016-07-19 12:54:35','2016-07-19 12:54:35'),(30,'Cầu thủ ghi nhiều bàn thắng nhất cho đội tuyển: 58 bàn','',3,'2016-07-19 12:55:43','2016-07-19 12:55:43'),(31,'Cầu thủ thi đấu nhiều trận nhất cho đội tuyển: 128 trận','',3,'2016-07-19 12:55:52','2016-07-19 12:55:52'),(32,'Cầu thủ thi đấu nhiều nhất nhất tại World Cup: 14 trận','',3,'2016-07-19 12:56:02','2016-07-19 12:56:02'),(33,'Cầu thủ ghi nhiều bàn thắng nhất tại EURO: 9 bàn','',3,'2016-07-19 12:56:25','2016-07-19 12:56:25'),(34,'Cầu thủ thi đấu nhiều nhất nhất tại EURO: 16 trận','',3,'2016-07-19 12:56:33','2016-07-19 12:56:33'),(35,'Cầu thủ trẻ nhất thi đấu 100 trận: 27 tuổi, 8 tháng và 11 ngày','gặp Bắc Ireland ngày 16 tháng 10 năm 2012',3,'2016-07-19 12:57:12','2016-07-19 12:57:12'),(36,'Cầu thủ lập nhiều hat-trick nhất: 3 hat-trick','',3,'2016-07-19 12:57:19','2016-07-19 12:57:19'),(37,'Cầu thủ lập nhiều hat-trick nhất tại La Liga: 30 hat-trick','',4,'2016-07-19 12:58:13','2016-07-19 12:58:13'),(38,'Cầu thủ ghi 150 bàn thắng nhanh nhất tại La Liga','',4,'2016-07-19 12:58:22','2016-07-19 12:58:22'),(39,'Cầu thủ ghi 200 bàn thắng nhanh nhất tại La Liga','',4,'2016-07-19 12:58:30','2016-07-19 12:58:30'),(40,'Cầu thủ có số trận ghi bàn liên tiếp nhiều nhất trong các trận El Clásicos: 6 trận','',4,'2016-07-19 12:58:49','2016-07-19 12:58:49'),(41,'Cầu thủ có khởi đầu mùa giải tại La Liga ghi nhiều bàn thắng nhất: 15 bàn trong 8 vòng','',4,'2016-07-19 12:59:00','2016-07-19 12:59:00'),(42,'Cầu thủ ghi 20 bàn thắng tại La Liga nhanh nhất sau: 12 trận (bỏ lỡ 1 trận vì chấn thương)','',4,'2016-07-19 12:59:11','2016-07-19 12:59:11'),(43,'Cầu thủ duy nhất ghi được 30 bàn thắng trong 5 mùa tại La Liga liên tiếp','',4,'2016-07-19 12:59:22','2016-07-19 12:59:22'),(44,'Cầu thủ ghi bàn vào lưới nhiều đội bóng nhất trong 1 mùa: 19 đội','2012-2013',4,'2016-07-19 12:59:41','2016-07-19 12:59:41'),(45,'Cầu thủ lập nhiều hat-trick nhất trong 1 mùa tại La Liga: 8 hat-trick','',4,'2016-07-19 13:00:06','2016-07-19 13:00:06'),(46,'Cầu thủ lập nhiều hat-trick nhất trên mọi đấu trường: 36 hat-trick','',4,'2016-07-19 13:00:17','2016-07-19 13:00:17'),(47,'Cầu thủ ghi nhiều bàn thắng nhất tại tất cả các giải đấu: 360 bàn','',5,'2016-07-19 13:00:36','2016-07-19 13:00:36'),(48,'Cầu thủ ghi nhiều bàn thắng nhất tại La Liga: 256 bàn','',5,'2016-07-19 13:00:48','2016-07-19 13:00:48'),(49,'Cầu thủ ghi nhiều bàn thắng nhất tại UEFA Champions League: 78 bàn','',5,'2016-07-19 13:00:58','2016-07-19 13:00:58'),(50,'Cầu thủ ghi nhiều bàn thắng nhất tại đấu trường châu Âu: 80 bàn','',5,'2016-07-19 13:01:06','2016-07-19 13:01:06'),(51,'Cầu thủ ghi nhiều bàn thắng nhất tại Siêu cúp châu Âu: 2 bàn','',5,'2016-07-19 13:01:15','2016-07-19 13:01:15'),(52,'Cầu thủ ghi nhiều bàn thắng nhất trong 1 mùa trên mọi mặt trận: 61 bàn','2014-2015',5,'2016-07-19 13:01:29','2016-07-19 13:01:29'),(53,'Cầu thủ ghi nhiều bàn thắng nhất trong 1 mùa tại La Liga: 48 bàn','2014-2015',5,'2016-07-19 13:01:41','2016-07-19 13:01:41'),(54,'Cầu thủ ghi nhiều bàn thắng nhất trong 1 mùa tại UEFA Champions League: 17 bàn','2013-2014',5,'2016-07-19 13:02:00','2016-07-19 13:02:00'),(55,'Cầu thủ ghi 200 bàn thắng nhanh nhất cho CLB','',5,'2016-07-19 13:02:20','2016-07-19 13:02:20'),(56,'Cầu thủ đầu tiên ghi bàn trong 8 trận liên tiếp tại La Liga','',5,'2016-07-19 13:02:38','2016-07-19 13:02:38'),(57,'Cầu thủ lập nhiều hat-trick nhất: 36 hat-trick','',5,'2016-07-19 13:02:48','2016-07-19 13:02:48');
/*!40000 ALTER TABLE `tblrecord` ENABLE KEYS */;

--
-- Table structure for table `tblstatistic`
--

DROP TABLE IF EXISTS `tblstatistic`;
/*!40101 SET @saved_cs_client     = @@character_set_client */;
/*!40101 SET character_set_client = utf8 */;
CREATE TABLE `tblstatistic` (
  `id` int(10) unsigned NOT NULL AUTO_INCREMENT,
  `nameTeam` varchar(255) COLLATE utf8_unicode_ci NOT NULL,
  `season` varchar(255) COLLATE utf8_unicode_ci NOT NULL,
  `idTypeStatistic` int(10) unsigned NOT NULL,
  `idTypeLeague` int(10) unsigned NOT NULL,
  `game` int(11) NOT NULL DEFAULT '1',
  `goal` int(11) NOT NULL DEFAULT '0',
  `created_at` timestamp NULL DEFAULT NULL,
  `updated_at` timestamp NULL DEFAULT NULL,
  PRIMARY KEY (`id`),
  KEY `tblStatistic_idtblTypeLeague_foreign` (`idTypeLeague`),
  KEY `tblStatistic_idtblTypeStatistic_foreign` (`idTypeStatistic`)
) ENGINE=MyISAM AUTO_INCREMENT=83 DEFAULT CHARSET=utf8 COLLATE=utf8_unicode_ci;
/*!40101 SET character_set_client = @saved_cs_client */;

--
-- Dumping data for table `tblstatistic`
--

/*!40000 ALTER TABLE `tblstatistic` DISABLE KEYS */;
INSERT INTO `tblstatistic` VALUES (1,'Sporting CP B','2002–2003',1,1,2,0,NULL,'2016-07-15 07:46:41'),(2,'Sporting CP','2002-2003',1,1,25,3,'2016-07-15 07:48:01','2016-07-15 07:48:01'),(3,'Sporting CP','2002-2003',1,2,3,2,'2016-07-15 07:48:20','2016-07-15 07:48:20'),(4,'Sporting CP','2002-2003',1,4,3,0,'2016-07-15 07:48:47','2016-07-15 07:48:47'),(6,'Manchester United','2003-2004',1,1,29,4,'2016-07-17 14:35:26','2016-07-17 14:35:26'),(7,'Manchester United','2003-2004',1,2,5,2,'2016-07-17 14:35:48','2016-07-17 14:35:48'),(8,'Manchester United','2003-2004',1,3,1,0,'2016-07-17 14:36:36','2016-07-17 14:36:36'),(9,'Manchester United','2003-2004',1,4,5,0,'2016-07-17 14:37:17','2016-07-17 14:37:17'),(11,'Manchester United','2004-2005',1,1,33,5,'2016-07-17 14:38:04','2016-07-17 14:38:04'),(12,'Manchester United','2004-2005',1,2,7,4,'2016-07-17 14:39:07','2016-07-17 14:39:07'),(13,'Manchester United','2004-2005',1,3,2,0,'2016-07-17 14:39:25','2016-07-17 14:39:25'),(14,'Manchester United','2004-2005',1,4,8,0,'2016-07-17 14:39:50','2016-07-17 14:39:50'),(16,'Manchester United','2005-2006',1,1,33,9,'2016-07-17 14:43:28','2016-07-17 14:43:28'),(17,'Manchester United','2005-2006',1,2,2,0,'2016-07-17 14:43:43','2016-07-17 14:43:43'),(18,'Manchester United','2005-2006',1,3,4,2,'2016-07-17 14:43:56','2016-07-17 14:43:56'),(19,'Manchester United','2005-2006',1,4,8,1,'2016-07-17 14:44:14','2016-07-17 14:44:14'),(21,'Manchester United','2006-2007',1,1,34,17,'2016-07-17 14:45:14','2016-07-17 14:45:14'),(22,'Manchester United','2006-2007',1,2,7,3,'2016-07-17 14:45:33','2016-07-17 14:45:33'),(23,'Manchester United','2006-2007',1,3,1,0,'2016-07-17 14:45:49','2016-07-17 14:45:49'),(24,'Manchester United','2006-2007',1,4,11,3,'2016-07-17 14:46:04','2016-07-17 14:46:04'),(26,'Manchester United','2007-2008',1,1,34,31,'2016-07-17 14:47:02','2016-07-17 14:47:02'),(27,'Manchester United','2007-2008',1,2,3,3,'2016-07-17 14:47:39','2016-07-17 14:47:39'),(28,'Manchester United','2007-2008',1,4,11,8,'2016-07-17 14:48:07','2016-07-17 14:48:07'),(29,'Manchester United','2007-2008',1,5,1,0,'2016-07-17 14:48:24','2016-07-17 14:48:24'),(31,'Manchester United','2008-2009',1,1,33,18,'2016-07-17 14:49:08','2016-07-17 14:49:08'),(32,'Manchester United','2008-2009',1,2,2,1,'2016-07-17 14:49:24','2016-07-17 14:49:24'),(33,'Manchester United','2008-2009',1,3,4,2,'2016-07-17 14:49:39','2016-07-17 14:49:39'),(34,'Manchester United','2008-2009',1,4,12,4,'2016-07-17 14:49:59','2016-07-17 14:49:59'),(35,'Manchester United','2008-2009',1,5,2,1,'2016-07-17 14:50:12','2016-07-17 14:50:12'),(37,'Real Madrid','2009-2010',1,1,29,26,'2016-07-17 14:55:05','2016-07-17 14:55:05'),(38,'Real Madrid','2009-2010',1,4,6,7,'2016-07-17 14:55:22','2016-07-17 14:55:22'),(39,'Real Madrid','2010-2011',1,1,34,40,'2016-07-17 14:55:44','2016-07-17 14:55:44'),(40,'Real Madrid','2010-2011',1,2,8,7,'2016-07-17 14:56:01','2016-07-17 14:56:01'),(41,'Real Madrid','2010-2011',1,4,12,6,'2016-07-17 14:56:19','2016-07-17 14:56:19'),(42,'Real Madrid','2011-2012',1,1,38,46,'2016-07-17 14:57:40','2016-07-17 14:57:40'),(43,'Real Madrid','2011-2012',1,2,5,3,'2016-07-17 14:57:58','2016-07-17 14:57:58'),(44,'Real Madrid','2011-2012',1,4,10,10,'2016-07-17 14:58:13','2016-07-17 14:58:13'),(45,'Real Madrid','2011-2012',1,5,2,1,'2016-07-17 14:58:26','2016-07-17 14:58:26'),(46,'Real Madrid','2012-2013',1,1,34,34,'2016-07-17 14:58:42','2016-07-17 14:58:42'),(47,'Real Madrid','2012-2013',1,2,7,7,'2016-07-17 14:58:56','2016-07-17 14:58:56'),(48,'Real Madrid','2012-2013',1,4,12,12,'2016-07-17 14:59:12','2016-07-17 14:59:12'),(49,'Real Madrid','2012-2013',1,5,2,2,'2016-07-17 14:59:25','2016-07-17 14:59:25'),(50,'Real Madrid','2013-2014',1,1,30,31,'2016-07-17 14:59:46','2016-07-17 14:59:46'),(51,'Real Madrid','2013-2014',1,2,6,3,'2016-07-17 15:00:07','2016-07-17 15:00:07'),(52,'Real Madrid','2013-2014',1,4,11,17,'2016-07-17 15:00:27','2016-07-17 15:00:27'),(53,'Real Madrid','2014-2015',1,1,35,48,'2016-07-17 15:00:53','2016-07-17 15:00:53'),(54,'Real Madrid','2014-2015',1,2,2,1,'2016-07-17 15:01:10','2016-07-17 15:01:10'),(55,'Real Madrid','2014-2015',1,4,12,10,'2016-07-17 15:01:23','2016-07-17 15:01:23'),(56,'Real Madrid','2014-2015',1,5,5,2,'2016-07-17 15:01:40','2016-07-17 15:01:40'),(57,'Real Madrid','2015-2016',1,1,36,35,'2016-07-17 15:02:00','2016-07-17 15:02:00'),(58,'Real Madrid','2015-2016',1,4,12,16,'2016-07-17 15:02:13','2016-07-17 15:02:13'),(59,'Sự nghiệp CLB','2002-',1,6,683,494,'2016-07-17 15:12:56','2016-10-19 13:07:55'),(60,'Bồ Đào Nha','2003-2004',2,5,7,0,'2016-07-19 14:13:15','2016-07-19 14:13:15'),(61,'Bồ Đào Nha','2004-2005',2,5,10,2,'2016-07-19 14:13:36','2016-07-19 14:13:36'),(62,'Bồ Đào Nha','2005-2006',2,5,16,9,'2016-07-19 14:13:52','2016-07-19 14:13:52'),(63,'Bồ Đào Nha','2006-2007',2,5,7,1,'2016-07-19 14:14:21','2016-07-19 14:14:21'),(64,'Bồ Đào Nha','2007-2008',2,5,16,8,'2016-07-19 14:14:36','2016-07-19 14:14:36'),(65,'Bồ Đào Nha','2008-2009',2,5,5,2,'2016-07-19 14:14:51','2016-07-19 14:14:51'),(66,'Bồ Đào Nha','2009-2010',2,5,12,0,'2016-07-19 14:15:11','2016-07-19 14:15:11'),(67,'Bồ Đào Nha','2010-2011',2,5,6,3,'2016-07-19 14:15:28','2016-07-19 14:15:28'),(68,'Bồ Đào Nha','2011-2012',2,5,12,8,'2016-07-19 14:15:45','2016-07-19 14:15:45'),(69,'Bồ Đào Nha','2012-2013',2,5,8,6,'2016-07-19 14:16:06','2016-07-19 14:16:06'),(70,'Bồ Đào Nha','2013-2014',2,5,7,3,'2016-07-19 14:17:07','2016-07-19 14:17:07'),(71,'Bồ Đào Nha','2014-2015',2,5,11,8,'2016-07-19 14:17:23','2016-07-19 14:17:23'),(72,'Bồ Đào Nha','2015-2016',2,5,16,11,'2016-07-19 14:17:42','2016-10-08 13:34:12'),(74,'Bồ Đào Nha','2016-2017',2,5,5,10,'2016-07-19 14:19:50','2016-10-11 16:03:27'),(75,'Bồ Đào Nha','2003-',2,6,138,71,'2016-09-12 08:45:16','2016-10-11 16:03:56'),(77,'Real Madrid','2016-2017',1,1,22,19,'2016-09-12 08:32:14','2016-10-16 21:19:30'),(79,'Real Madrid','2016-2017',1,4,8,2,'2016-09-15 08:34:32','2016-10-19 13:07:34'),(80,'Toàn bộ sự nghiệp','2002-',3,6,846,584,'2016-10-08 13:33:50','2016-10-19 13:08:22'),(78,'Real Madrid','2016-2017',1,2,2,1,'2017-04-08 00:46:24','2017-04-08 00:50:22'),(82,'Real Madrid','2016-2017',1,5,2,4,'2017-04-08 00:50:05','2017-04-08 00:50:05');
/*!40000 ALTER TABLE `tblstatistic` ENABLE KEYS */;

--
-- Table structure for table `tbltotalgoal`
--

DROP TABLE IF EXISTS `tbltotalgoal`;
/*!40101 SET @saved_cs_client     = @@character_set_client */;
/*!40101 SET character_set_client = utf8 */;
CREATE TABLE `tbltotalgoal` (
  `id` int(10) unsigned NOT NULL AUTO_INCREMENT,
  `leftFoot` int(10) unsigned NOT NULL,
  `rightFoot` int(10) unsigned NOT NULL,
  `header` int(10) unsigned NOT NULL,
  `other` int(10) unsigned NOT NULL,
  `inside` int(10) unsigned NOT NULL,
  `outside` int(10) unsigned NOT NULL,
  `freekick` int(10) unsigned NOT NULL,
  `pen` int(10) unsigned NOT NULL,
  `total` int(10) unsigned NOT NULL,
  `created_at` timestamp NULL DEFAULT NULL,
  `updated_at` timestamp NULL DEFAULT NULL,
  `otherType` int(10) unsigned NOT NULL,
  PRIMARY KEY (`id`)
) ENGINE=MyISAM AUTO_INCREMENT=2 DEFAULT CHARSET=utf8 COLLATE=utf8_unicode_ci;
/*!40101 SET character_set_client = @saved_cs_client */;

--
-- Dumping data for table `tbltotalgoal`
--

/*!40000 ALTER TABLE `tbltotalgoal` DISABLE KEYS */;
INSERT INTO `tbltotalgoal` VALUES (1,106,390,105,1,502,100,51,96,602,'2016-07-18 03:51:46','2017-06-21 15:20:44',425);
/*!40000 ALTER TABLE `tbltotalgoal` ENABLE KEYS */;

--
-- Table structure for table `tbltypeachivement`
--

DROP TABLE IF EXISTS `tbltypeachivement`;
/*!40101 SET @saved_cs_client     = @@character_set_client */;
/*!40101 SET character_set_client = utf8 */;
CREATE TABLE `tbltypeachivement` (
  `id` int(10) unsigned NOT NULL AUTO_INCREMENT,
  `nameTypeAchivement` varchar(255) COLLATE utf8_unicode_ci NOT NULL,
  `created_at` timestamp NULL DEFAULT NULL,
  `updated_at` timestamp NULL DEFAULT NULL,
  PRIMARY KEY (`id`)
) ENGINE=MyISAM AUTO_INCREMENT=4 DEFAULT CHARSET=utf8 COLLATE=utf8_unicode_ci;
/*!40101 SET character_set_client = @saved_cs_client */;

--
-- Dumping data for table `tbltypeachivement`
--

/*!40000 ALTER TABLE `tbltypeachivement` DISABLE KEYS */;
INSERT INTO `tbltypeachivement` VALUES (1,'Cùng CLB',NULL,NULL),(2,'Cùng đội tuyển quốc gia',NULL,NULL),(3,'Cá nhân','2016-07-19 05:06:04','2016-07-19 05:06:04');
/*!40000 ALTER TABLE `tbltypeachivement` ENABLE KEYS */;

--
-- Table structure for table `tbltypeclub`
--

DROP TABLE IF EXISTS `tbltypeclub`;
/*!40101 SET @saved_cs_client     = @@character_set_client */;
/*!40101 SET character_set_client = utf8 */;
CREATE TABLE `tbltypeclub` (
  `id` int(10) unsigned NOT NULL AUTO_INCREMENT,
  `nameTypeClub` varchar(255) COLLATE utf8_unicode_ci NOT NULL,
  `created_at` timestamp NULL DEFAULT NULL,
  `updated_at` timestamp NULL DEFAULT NULL,
  PRIMARY KEY (`id`)
) ENGINE=MyISAM AUTO_INCREMENT=3 DEFAULT CHARSET=utf8 COLLATE=utf8_unicode_ci;
/*!40101 SET character_set_client = @saved_cs_client */;

--
-- Dumping data for table `tbltypeclub`
--

/*!40000 ALTER TABLE `tbltypeclub` DISABLE KEYS */;
INSERT INTO `tbltypeclub` VALUES (1,'Đội trẻ',NULL,NULL),(2,'Đội chuyên nghiệp',NULL,NULL);
/*!40000 ALTER TABLE `tbltypeclub` ENABLE KEYS */;

--
-- Table structure for table `tbltypeleague`
--

DROP TABLE IF EXISTS `tbltypeleague`;
/*!40101 SET @saved_cs_client     = @@character_set_client */;
/*!40101 SET character_set_client = utf8 */;
CREATE TABLE `tbltypeleague` (
  `id` int(10) unsigned NOT NULL AUTO_INCREMENT,
  `nameTypeLeague` varchar(255) COLLATE utf8_unicode_ci NOT NULL,
  `created_at` timestamp NULL DEFAULT NULL,
  `updated_at` timestamp NULL DEFAULT NULL,
  PRIMARY KEY (`id`)
) ENGINE=MyISAM AUTO_INCREMENT=7 DEFAULT CHARSET=utf8 COLLATE=utf8_unicode_ci;
/*!40101 SET character_set_client = @saved_cs_client */;

--
-- Dumping data for table `tbltypeleague`
--

/*!40000 ALTER TABLE `tbltypeleague` DISABLE KEYS */;
INSERT INTO `tbltypeleague` VALUES (1,'Giải vô địch quốc gia',NULL,'2016-07-15 07:38:53'),(2,'Cúp quốc gia',NULL,'2016-07-15 07:39:11'),(3,'Cúp FA','2016-07-15 07:39:53','2016-07-15 07:39:53'),(4,'Cúp Châu Âu','2016-07-15 07:40:09','2016-07-15 07:40:09'),(5,'Khác','2016-07-15 07:40:16','2016-07-15 07:40:16'),(6,'Tổng cộng','2016-07-15 07:40:27','2016-07-15 07:40:27');
/*!40000 ALTER TABLE `tbltypeleague` ENABLE KEYS */;

--
-- Table structure for table `tbltyperecord`
--

DROP TABLE IF EXISTS `tbltyperecord`;
/*!40101 SET @saved_cs_client     = @@character_set_client */;
/*!40101 SET character_set_client = utf8 */;
CREATE TABLE `tbltyperecord` (
  `id` int(10) unsigned NOT NULL AUTO_INCREMENT,
  `nameTypeRecord` varchar(255) COLLATE utf8_unicode_ci NOT NULL,
  `created_at` timestamp NULL DEFAULT NULL,
  `updated_at` timestamp NULL DEFAULT NULL,
  PRIMARY KEY (`id`)
) ENGINE=MyISAM AUTO_INCREMENT=6 DEFAULT CHARSET=utf8 COLLATE=utf8_unicode_ci;
/*!40101 SET character_set_client = @saved_cs_client */;

--
-- Dumping data for table `tbltyperecord`
--

/*!40000 ALTER TABLE `tbltyperecord` DISABLE KEYS */;
INSERT INTO `tbltyperecord` VALUES (1,'Thế giới',NULL,NULL),(2,'Châu Âu',NULL,NULL),(3,'Bồ Đào Nha','2016-07-19 12:54:53','2016-07-19 12:54:53'),(4,'Tây Ban Nha','2016-07-19 12:55:03','2016-07-19 12:55:03'),(5,'Real Madrid','2016-07-19 12:55:16','2016-07-19 12:55:16');
/*!40000 ALTER TABLE `tbltyperecord` ENABLE KEYS */;

--
-- Table structure for table `tbltypestatistic`
--

DROP TABLE IF EXISTS `tbltypestatistic`;
/*!40101 SET @saved_cs_client     = @@character_set_client */;
/*!40101 SET character_set_client = utf8 */;
CREATE TABLE `tbltypestatistic` (
  `id` int(10) unsigned NOT NULL AUTO_INCREMENT,
  `nameTypeStatistics` varchar(255) COLLATE utf8_unicode_ci NOT NULL,
  `created_at` timestamp NULL DEFAULT NULL,
  `updated_at` timestamp NULL DEFAULT NULL,
  PRIMARY KEY (`id`)
) ENGINE=MyISAM AUTO_INCREMENT=4 DEFAULT CHARSET=utf8 COLLATE=utf8_unicode_ci;
/*!40101 SET character_set_client = @saved_cs_client */;

--
-- Dumping data for table `tbltypestatistic`
--

/*!40000 ALTER TABLE `tbltypestatistic` DISABLE KEYS */;
INSERT INTO `tbltypestatistic` VALUES (1,'Sự nghiệp CLB',NULL,NULL),(2,'Sự nghiệp quốc tế',NULL,NULL),(3,'Toàn bộ sự nghiệp','2016-09-12 08:46:33','2016-09-12 08:46:33');
/*!40000 ALTER TABLE `tbltypestatistic` ENABLE KEYS */;

--
-- Table structure for table `users`
--

DROP TABLE IF EXISTS `users`;
/*!40101 SET @saved_cs_client     = @@character_set_client */;
/*!40101 SET character_set_client = utf8 */;
CREATE TABLE `users` (
  `id` int(10) unsigned NOT NULL AUTO_INCREMENT,
  `name` varchar(255) COLLATE utf8_unicode_ci NOT NULL,
  `email` varchar(255) COLLATE utf8_unicode_ci NOT NULL,
  `quyen` int(11) NOT NULL DEFAULT '0',
  `password` varchar(255) COLLATE utf8_unicode_ci NOT NULL,
  `remember_token` varchar(100) COLLATE utf8_unicode_ci DEFAULT NULL,
  `created_at` timestamp NULL DEFAULT NULL,
  `updated_at` timestamp NULL DEFAULT NULL,
  PRIMARY KEY (`id`),
  UNIQUE KEY `users_email_unique` (`email`)
) ENGINE=MyISAM AUTO_INCREMENT=7 DEFAULT CHARSET=utf8 COLLATE=utf8_unicode_ci;
/*!40101 SET character_set_client = @saved_cs_client */;

--
-- Dumping data for table `users`
--

/*!40000 ALTER TABLE `users` DISABLE KEYS */;
INSERT INTO `users` VALUES (5,'Trung','cr7204@gmail.com',1,'$2y$10$85l0M/wNHhYEJiiDNuF99OGCBvfWTI9UYij5ZOpvMn02tPk4KUzd.','R8joG1CqFYxMTVeECcp1LIZeVuqzVxLIdZWpyQlBQya4EaAxatxdNUjmQK1h','2016-07-15 07:03:58','2016-07-15 07:12:44'),(6,'Administrator','trungbnt@gmail.com',1,'$2y$10$3knDKhp3T53zjPypE2Vxouojot7fRd9y/mk1rGoc35evjcUcQAO3C',NULL,'2016-07-15 07:16:04','2016-07-15 07:16:04');
/*!40000 ALTER TABLE `users` ENABLE KEYS */;
/*!40103 SET TIME_ZONE=@OLD_TIME_ZONE */;

/*!40101 SET SQL_MODE=@OLD_SQL_MODE */;
/*!40014 SET FOREIGN_KEY_CHECKS=@OLD_FOREIGN_KEY_CHECKS */;
/*!40014 SET UNIQUE_CHECKS=@OLD_UNIQUE_CHECKS */;
/*!40101 SET CHARACTER_SET_CLIENT=@OLD_CHARACTER_SET_CLIENT */;
/*!40101 SET CHARACTER_SET_RESULTS=@OLD_CHARACTER_SET_RESULTS */;
/*!40101 SET COLLATION_CONNECTION=@OLD_COLLATION_CONNECTION */;
/*!40111 SET SQL_NOTES=@OLD_SQL_NOTES */;

-- Dump completed on 2017-06-21  8:53:06
